"","systemic_crisis","currency_crises","inflation_crises","year","period","banking_crises","region","total_crises"
"1",4,9,14,1870,1880,4,"Algeria",31
"2",4,9,14,1871,1880,4,"Algeria",31
"3",4,9,14,1872,1880,4,"Algeria",31
"4",4,9,14,1873,1880,4,"Algeria",31
"5",4,9,14,1874,1880,4,"Algeria",31
"6",4,9,14,1875,1880,4,"Algeria",31
"7",4,9,14,1876,1880,4,"Algeria",31
"8",4,9,14,1877,1880,4,"Algeria",31
"9",4,9,14,1878,1880,4,"Algeria",31
"10",4,9,14,1879,1880,4,"Algeria",31
"11",4,9,14,1880,1880,4,"Algeria",31
"12",4,9,14,1881,1900,4,"Algeria",31
"13",4,9,14,1882,1900,4,"Algeria",31
"14",4,9,14,1883,1900,4,"Algeria",31
"15",4,9,14,1884,1900,4,"Algeria",31
"16",4,9,14,1939,1940,4,"Algeria",31
"17",4,9,14,1940,1940,4,"Algeria",31
"18",4,9,14,1941,1960,4,"Algeria",31
"19",4,9,14,1942,1960,4,"Algeria",31
"20",4,9,14,1943,1960,4,"Algeria",31
"21",4,9,14,1944,1960,4,"Algeria",31
"22",4,9,14,1945,1960,4,"Algeria",31
"23",4,9,14,1946,1960,4,"Algeria",31
"24",4,9,14,1947,1960,4,"Algeria",31
"25",4,9,14,1948,1960,4,"Algeria",31
"26",4,9,14,1949,1960,4,"Algeria",31
"27",4,9,14,1950,1960,4,"Algeria",31
"28",4,9,14,1951,1960,4,"Algeria",31
"29",4,9,14,1952,1960,4,"Algeria",31
"30",4,9,14,1953,1960,4,"Algeria",31
"31",4,9,14,1954,1960,4,"Algeria",31
"32",4,9,14,1955,1960,4,"Algeria",31
"33",4,9,14,1956,1960,4,"Algeria",31
"34",4,9,14,1957,1960,4,"Algeria",31
"35",4,9,14,1958,1960,4,"Algeria",31
"36",4,9,14,1959,1960,4,"Algeria",31
"37",4,9,14,1960,1960,4,"Algeria",31
"38",4,9,14,1961,1980,4,"Algeria",31
"39",4,9,14,1968,1980,4,"Algeria",31
"40",4,9,14,1969,1980,4,"Algeria",31
"41",4,9,14,1970,1980,4,"Algeria",31
"42",4,9,14,1971,1980,4,"Algeria",31
"43",4,9,14,1972,1980,4,"Algeria",31
"44",4,9,14,1973,1980,4,"Algeria",31
"45",4,9,14,1974,1980,4,"Algeria",31
"46",4,9,14,1975,1980,4,"Algeria",31
"47",4,9,14,1976,1980,4,"Algeria",31
"48",4,9,14,1977,1980,4,"Algeria",31
"49",4,9,14,1978,1980,4,"Algeria",31
"50",4,9,14,1979,1980,4,"Algeria",31
"51",4,9,14,1980,1980,4,"Algeria",31
"52",4,9,14,1981,2000,4,"Algeria",31
"53",4,9,14,1982,2000,4,"Algeria",31
"54",4,9,14,1983,2000,4,"Algeria",31
"55",4,9,14,1984,2000,4,"Algeria",31
"56",4,9,14,1985,2000,4,"Algeria",31
"57",4,9,14,1986,2000,4,"Algeria",31
"58",4,9,14,1987,2000,4,"Algeria",31
"59",4,9,14,1988,2000,4,"Algeria",31
"60",4,9,14,1989,2000,4,"Algeria",31
"61",4,9,14,1990,2000,4,"Algeria",31
"62",4,9,14,1991,2000,4,"Algeria",31
"63",4,9,14,1992,2000,4,"Algeria",31
"64",4,9,14,1993,2000,4,"Algeria",31
"65",4,9,14,1994,2000,4,"Algeria",31
"66",4,9,14,1995,2000,4,"Algeria",31
"67",4,9,14,1996,2000,4,"Algeria",31
"68",4,9,14,1997,2000,4,"Algeria",31
"69",4,9,14,1998,2000,4,"Algeria",31
"70",4,9,14,1999,2000,4,"Algeria",31
"71",4,9,14,2000,2000,4,"Algeria",31
"72",4,9,14,2001,2014,4,"Algeria",31
"73",4,9,14,2002,2014,4,"Algeria",31
"74",4,9,14,2003,2014,4,"Algeria",31
"75",4,9,14,2004,2014,4,"Algeria",31
"76",4,9,14,2005,2014,4,"Algeria",31
"77",4,9,14,2006,2014,4,"Algeria",31
"78",4,9,14,2007,2014,4,"Algeria",31
"79",4,9,14,2008,2014,4,"Algeria",31
"80",4,9,14,2009,2014,4,"Algeria",31
"81",4,9,14,2010,2014,4,"Algeria",31
"82",4,9,14,2011,2014,4,"Algeria",31
"83",4,9,14,2012,2014,4,"Algeria",31
"84",4,9,14,2013,2014,4,"Algeria",31
"85",4,9,14,2014,2014,4,"Algeria",31
"86",0,22,26,1921,1940,7,"Angola",55
"87",0,22,26,1922,1940,7,"Angola",55
"88",0,22,26,1923,1940,7,"Angola",55
"89",0,22,26,1924,1940,7,"Angola",55
"90",0,22,26,1925,1940,7,"Angola",55
"91",0,22,26,1926,1940,7,"Angola",55
"92",0,22,26,1927,1940,7,"Angola",55
"93",0,22,26,1928,1940,7,"Angola",55
"94",0,22,26,1929,1940,7,"Angola",55
"95",0,22,26,1930,1940,7,"Angola",55
"96",0,22,26,1931,1940,7,"Angola",55
"97",0,22,26,1932,1940,7,"Angola",55
"98",0,22,26,1933,1940,7,"Angola",55
"99",0,22,26,1934,1940,7,"Angola",55
"100",0,22,26,1935,1940,7,"Angola",55
"101",0,22,26,1936,1940,7,"Angola",55
"102",0,22,26,1937,1940,7,"Angola",55
"103",0,22,26,1938,1940,7,"Angola",55
"104",0,22,26,1939,1940,7,"Angola",55
"105",0,22,26,1940,1940,7,"Angola",55
"106",0,22,26,1941,1960,7,"Angola",55
"107",0,22,26,1942,1960,7,"Angola",55
"108",0,22,26,1943,1960,7,"Angola",55
"109",0,22,26,1944,1960,7,"Angola",55
"110",0,22,26,1945,1960,7,"Angola",55
"111",0,22,26,1946,1960,7,"Angola",55
"112",0,22,26,1947,1960,7,"Angola",55
"113",0,22,26,1948,1960,7,"Angola",55
"114",0,22,26,1949,1960,7,"Angola",55
"115",0,22,26,1950,1960,7,"Angola",55
"116",0,22,26,1951,1960,7,"Angola",55
"117",0,22,26,1952,1960,7,"Angola",55
"118",0,22,26,1953,1960,7,"Angola",55
"119",0,22,26,1954,1960,7,"Angola",55
"120",0,22,26,1955,1960,7,"Angola",55
"121",0,22,26,1956,1960,7,"Angola",55
"122",0,22,26,1957,1960,7,"Angola",55
"123",0,22,26,1958,1960,7,"Angola",55
"124",0,22,26,1959,1960,7,"Angola",55
"125",0,22,26,1960,1960,7,"Angola",55
"126",0,22,26,1961,1980,7,"Angola",55
"127",0,22,26,1962,1980,7,"Angola",55
"128",0,22,26,1970,1980,7,"Angola",55
"129",0,22,26,1971,1980,7,"Angola",55
"130",0,22,26,1972,1980,7,"Angola",55
"131",0,22,26,1973,1980,7,"Angola",55
"132",0,22,26,1974,1980,7,"Angola",55
"133",0,22,26,1975,1980,7,"Angola",55
"134",0,22,26,1976,1980,7,"Angola",55
"135",0,22,26,1977,1980,7,"Angola",55
"136",0,22,26,1978,1980,7,"Angola",55
"137",0,22,26,1979,1980,7,"Angola",55
"138",0,22,26,1980,1980,7,"Angola",55
"139",0,22,26,1991,2000,7,"Angola",55
"140",0,22,26,1992,2000,7,"Angola",55
"141",0,22,26,1993,2000,7,"Angola",55
"142",0,22,26,1994,2000,7,"Angola",55
"143",0,22,26,1995,2000,7,"Angola",55
"144",0,22,26,1996,2000,7,"Angola",55
"145",0,22,26,1997,2000,7,"Angola",55
"146",0,22,26,1998,2000,7,"Angola",55
"147",0,22,26,1999,2000,7,"Angola",55
"148",0,22,26,2000,2000,7,"Angola",55
"149",0,22,26,2001,2014,7,"Angola",55
"150",0,22,26,2002,2014,7,"Angola",55
"151",0,22,26,2003,2014,7,"Angola",55
"152",0,22,26,2004,2014,7,"Angola",55
"153",0,22,26,2005,2014,7,"Angola",55
"154",0,22,26,2006,2014,7,"Angola",55
"155",0,22,26,2007,2014,7,"Angola",55
"156",0,22,26,2008,2014,7,"Angola",55
"157",0,22,26,2009,2014,7,"Angola",55
"158",0,22,26,2010,2014,7,"Angola",55
"159",0,22,26,2011,2014,7,"Angola",55
"160",0,22,26,2012,2014,7,"Angola",55
"161",0,22,26,2013,2014,7,"Angola",55
"162",0,22,26,2014,2014,7,"Angola",55
"163",19,2,2,1957,1960,19,"Central African Republic",42
"164",19,2,2,1958,1960,19,"Central African Republic",42
"165",19,2,2,1959,1960,19,"Central African Republic",42
"166",19,2,2,1960,1960,19,"Central African Republic",42
"167",19,2,2,1961,1980,19,"Central African Republic",42
"168",19,2,2,1962,1980,19,"Central African Republic",42
"169",19,2,2,1963,1980,19,"Central African Republic",42
"170",19,2,2,1964,1980,19,"Central African Republic",42
"171",19,2,2,1965,1980,19,"Central African Republic",42
"172",19,2,2,1966,1980,19,"Central African Republic",42
"173",19,2,2,1967,1980,19,"Central African Republic",42
"174",19,2,2,1968,1980,19,"Central African Republic",42
"175",19,2,2,1969,1980,19,"Central African Republic",42
"176",19,2,2,1970,1980,19,"Central African Republic",42
"177",19,2,2,1971,1980,19,"Central African Republic",42
"178",19,2,2,1972,1980,19,"Central African Republic",42
"179",19,2,2,1973,1980,19,"Central African Republic",42
"180",19,2,2,1974,1980,19,"Central African Republic",42
"181",19,2,2,1975,1980,19,"Central African Republic",42
"182",19,2,2,1976,1980,19,"Central African Republic",42
"183",19,2,2,1977,1980,19,"Central African Republic",42
"184",19,2,2,1978,1980,19,"Central African Republic",42
"185",19,2,2,1979,1980,19,"Central African Republic",42
"186",19,2,2,1980,1980,19,"Central African Republic",42
"187",19,2,2,1981,2000,19,"Central African Republic",42
"188",19,2,2,1982,2000,19,"Central African Republic",42
"189",19,2,2,1983,2000,19,"Central African Republic",42
"190",19,2,2,1984,2000,19,"Central African Republic",42
"191",19,2,2,1985,2000,19,"Central African Republic",42
"192",19,2,2,1986,2000,19,"Central African Republic",42
"193",19,2,2,1987,2000,19,"Central African Republic",42
"194",19,2,2,1988,2000,19,"Central African Republic",42
"195",19,2,2,1989,2000,19,"Central African Republic",42
"196",19,2,2,1990,2000,19,"Central African Republic",42
"197",19,2,2,1991,2000,19,"Central African Republic",42
"198",19,2,2,1992,2000,19,"Central African Republic",42
"199",19,2,2,1993,2000,19,"Central African Republic",42
"200",19,2,2,1994,2000,19,"Central African Republic",42
"201",19,2,2,1995,2000,19,"Central African Republic",42
"202",19,2,2,1996,2000,19,"Central African Republic",42
"203",19,2,2,1997,2000,19,"Central African Republic",42
"204",19,2,2,1998,2000,19,"Central African Republic",42
"205",19,2,2,1999,2000,19,"Central African Republic",42
"206",19,2,2,2000,2000,19,"Central African Republic",42
"207",19,2,2,2001,2014,19,"Central African Republic",42
"208",19,2,2,2002,2014,19,"Central African Republic",42
"209",19,2,2,2003,2014,19,"Central African Republic",42
"210",19,2,2,2004,2014,19,"Central African Republic",42
"211",19,2,2,2005,2014,19,"Central African Republic",42
"212",19,2,2,2006,2014,19,"Central African Republic",42
"213",19,2,2,2007,2014,19,"Central African Republic",42
"214",19,2,2,2008,2014,19,"Central African Republic",42
"215",19,2,2,2009,2014,19,"Central African Republic",42
"216",19,2,2,2010,2014,19,"Central African Republic",42
"217",19,2,2,2011,2014,19,"Central African Republic",42
"218",19,2,2,2012,2014,19,"Central African Republic",42
"219",19,2,2,2013,2014,19,"Central African Republic",42
"220",19,2,2,2014,2014,19,"Central African Republic",42
"221",4,1,4,1952,1960,4,"Ivory Coast",13
"222",4,1,4,1953,1960,4,"Ivory Coast",13
"223",4,1,4,1954,1960,4,"Ivory Coast",13
"224",4,1,4,1955,1960,4,"Ivory Coast",13
"225",4,1,4,1956,1960,4,"Ivory Coast",13
"226",4,1,4,1957,1960,4,"Ivory Coast",13
"227",4,1,4,1958,1960,4,"Ivory Coast",13
"228",4,1,4,1959,1960,4,"Ivory Coast",13
"229",4,1,4,1960,1960,4,"Ivory Coast",13
"230",4,1,4,1961,1980,4,"Ivory Coast",13
"231",4,1,4,1962,1980,4,"Ivory Coast",13
"232",4,1,4,1963,1980,4,"Ivory Coast",13
"233",4,1,4,1964,1980,4,"Ivory Coast",13
"234",4,1,4,1965,1980,4,"Ivory Coast",13
"235",4,1,4,1966,1980,4,"Ivory Coast",13
"236",4,1,4,1967,1980,4,"Ivory Coast",13
"237",4,1,4,1968,1980,4,"Ivory Coast",13
"238",4,1,4,1969,1980,4,"Ivory Coast",13
"239",4,1,4,1970,1980,4,"Ivory Coast",13
"240",4,1,4,1971,1980,4,"Ivory Coast",13
"241",4,1,4,1972,1980,4,"Ivory Coast",13
"242",4,1,4,1973,1980,4,"Ivory Coast",13
"243",4,1,4,1974,1980,4,"Ivory Coast",13
"244",4,1,4,1975,1980,4,"Ivory Coast",13
"245",4,1,4,1976,1980,4,"Ivory Coast",13
"246",4,1,4,1977,1980,4,"Ivory Coast",13
"247",4,1,4,1978,1980,4,"Ivory Coast",13
"248",4,1,4,1979,1980,4,"Ivory Coast",13
"249",4,1,4,1980,1980,4,"Ivory Coast",13
"250",4,1,4,1981,2000,4,"Ivory Coast",13
"251",4,1,4,1982,2000,4,"Ivory Coast",13
"252",4,1,4,1983,2000,4,"Ivory Coast",13
"253",4,1,4,1984,2000,4,"Ivory Coast",13
"254",4,1,4,1985,2000,4,"Ivory Coast",13
"255",4,1,4,1986,2000,4,"Ivory Coast",13
"256",4,1,4,1987,2000,4,"Ivory Coast",13
"257",4,1,4,1988,2000,4,"Ivory Coast",13
"258",4,1,4,1989,2000,4,"Ivory Coast",13
"259",4,1,4,1990,2000,4,"Ivory Coast",13
"260",4,1,4,1991,2000,4,"Ivory Coast",13
"261",4,1,4,1992,2000,4,"Ivory Coast",13
"262",4,1,4,1993,2000,4,"Ivory Coast",13
"263",4,1,4,1994,2000,4,"Ivory Coast",13
"264",4,1,4,1995,2000,4,"Ivory Coast",13
"265",4,1,4,1996,2000,4,"Ivory Coast",13
"266",4,1,4,1997,2000,4,"Ivory Coast",13
"267",4,1,4,1998,2000,4,"Ivory Coast",13
"268",4,1,4,1999,2000,4,"Ivory Coast",13
"269",4,1,4,2000,2000,4,"Ivory Coast",13
"270",4,1,4,2001,2014,4,"Ivory Coast",13
"271",4,1,4,2002,2014,4,"Ivory Coast",13
"272",4,1,4,2003,2014,4,"Ivory Coast",13
"273",4,1,4,2004,2014,4,"Ivory Coast",13
"274",4,1,4,2005,2014,4,"Ivory Coast",13
"275",4,1,4,2006,2014,4,"Ivory Coast",13
"276",4,1,4,2007,2014,4,"Ivory Coast",13
"277",4,1,4,2008,2014,4,"Ivory Coast",13
"278",4,1,4,2009,2014,4,"Ivory Coast",13
"279",4,1,4,2010,2014,4,"Ivory Coast",13
"280",4,1,4,2011,2014,4,"Ivory Coast",13
"281",4,1,4,2012,2014,4,"Ivory Coast",13
"282",4,1,4,2013,2014,4,"Ivory Coast",13
"283",4,1,4,2014,2014,4,"Ivory Coast",13
"284",6,8,11,1860,1880,11,"Egypt",36
"285",6,8,11,1861,1880,11,"Egypt",36
"286",6,8,11,1862,1880,11,"Egypt",36
"287",6,8,11,1863,1880,11,"Egypt",36
"288",6,8,11,1864,1880,11,"Egypt",36
"289",6,8,11,1865,1880,11,"Egypt",36
"290",6,8,11,1866,1880,11,"Egypt",36
"291",6,8,11,1867,1880,11,"Egypt",36
"292",6,8,11,1868,1880,11,"Egypt",36
"293",6,8,11,1869,1880,11,"Egypt",36
"294",6,8,11,1870,1880,11,"Egypt",36
"295",6,8,11,1871,1880,11,"Egypt",36
"296",6,8,11,1872,1880,11,"Egypt",36
"297",6,8,11,1873,1880,11,"Egypt",36
"298",6,8,11,1874,1880,11,"Egypt",36
"299",6,8,11,1875,1880,11,"Egypt",36
"300",6,8,11,1876,1880,11,"Egypt",36
"301",6,8,11,1877,1880,11,"Egypt",36
"302",6,8,11,1878,1880,11,"Egypt",36
"303",6,8,11,1879,1880,11,"Egypt",36
"304",6,8,11,1880,1880,11,"Egypt",36
"305",6,8,11,1881,1900,11,"Egypt",36
"306",6,8,11,1882,1900,11,"Egypt",36
"307",6,8,11,1883,1900,11,"Egypt",36
"308",6,8,11,1884,1900,11,"Egypt",36
"309",6,8,11,1885,1900,11,"Egypt",36
"310",6,8,11,1886,1900,11,"Egypt",36
"311",6,8,11,1887,1900,11,"Egypt",36
"312",6,8,11,1888,1900,11,"Egypt",36
"313",6,8,11,1889,1900,11,"Egypt",36
"314",6,8,11,1890,1900,11,"Egypt",36
"315",6,8,11,1891,1900,11,"Egypt",36
"316",6,8,11,1892,1900,11,"Egypt",36
"317",6,8,11,1893,1900,11,"Egypt",36
"318",6,8,11,1894,1900,11,"Egypt",36
"319",6,8,11,1895,1900,11,"Egypt",36
"320",6,8,11,1896,1900,11,"Egypt",36
"321",6,8,11,1897,1900,11,"Egypt",36
"322",6,8,11,1898,1900,11,"Egypt",36
"323",6,8,11,1899,1900,11,"Egypt",36
"324",6,8,11,1900,1900,11,"Egypt",36
"325",6,8,11,1901,1920,11,"Egypt",36
"326",6,8,11,1902,1920,11,"Egypt",36
"327",6,8,11,1903,1920,11,"Egypt",36
"328",6,8,11,1904,1920,11,"Egypt",36
"329",6,8,11,1905,1920,11,"Egypt",36
"330",6,8,11,1906,1920,11,"Egypt",36
"331",6,8,11,1907,1920,11,"Egypt",36
"332",6,8,11,1908,1920,11,"Egypt",36
"333",6,8,11,1909,1920,11,"Egypt",36
"334",6,8,11,1910,1920,11,"Egypt",36
"335",6,8,11,1911,1920,11,"Egypt",36
"336",6,8,11,1912,1920,11,"Egypt",36
"337",6,8,11,1913,1920,11,"Egypt",36
"338",6,8,11,1914,1920,11,"Egypt",36
"339",6,8,11,1915,1920,11,"Egypt",36
"340",6,8,11,1916,1920,11,"Egypt",36
"341",6,8,11,1917,1920,11,"Egypt",36
"342",6,8,11,1918,1920,11,"Egypt",36
"343",6,8,11,1919,1920,11,"Egypt",36
"344",6,8,11,1920,1920,11,"Egypt",36
"345",6,8,11,1921,1940,11,"Egypt",36
"346",6,8,11,1922,1940,11,"Egypt",36
"347",6,8,11,1923,1940,11,"Egypt",36
"348",6,8,11,1924,1940,11,"Egypt",36
"349",6,8,11,1925,1940,11,"Egypt",36
"350",6,8,11,1926,1940,11,"Egypt",36
"351",6,8,11,1927,1940,11,"Egypt",36
"352",6,8,11,1928,1940,11,"Egypt",36
"353",6,8,11,1929,1940,11,"Egypt",36
"354",6,8,11,1930,1940,11,"Egypt",36
"355",6,8,11,1931,1940,11,"Egypt",36
"356",6,8,11,1932,1940,11,"Egypt",36
"357",6,8,11,1933,1940,11,"Egypt",36
"358",6,8,11,1934,1940,11,"Egypt",36
"359",6,8,11,1935,1940,11,"Egypt",36
"360",6,8,11,1936,1940,11,"Egypt",36
"361",6,8,11,1937,1940,11,"Egypt",36
"362",6,8,11,1938,1940,11,"Egypt",36
"363",6,8,11,1939,1940,11,"Egypt",36
"364",6,8,11,1940,1940,11,"Egypt",36
"365",6,8,11,1941,1960,11,"Egypt",36
"366",6,8,11,1942,1960,11,"Egypt",36
"367",6,8,11,1943,1960,11,"Egypt",36
"368",6,8,11,1944,1960,11,"Egypt",36
"369",6,8,11,1945,1960,11,"Egypt",36
"370",6,8,11,1946,1960,11,"Egypt",36
"371",6,8,11,1947,1960,11,"Egypt",36
"372",6,8,11,1948,1960,11,"Egypt",36
"373",6,8,11,1949,1960,11,"Egypt",36
"374",6,8,11,1950,1960,11,"Egypt",36
"375",6,8,11,1951,1960,11,"Egypt",36
"376",6,8,11,1952,1960,11,"Egypt",36
"377",6,8,11,1953,1960,11,"Egypt",36
"378",6,8,11,1954,1960,11,"Egypt",36
"379",6,8,11,1955,1960,11,"Egypt",36
"380",6,8,11,1956,1960,11,"Egypt",36
"381",6,8,11,1957,1960,11,"Egypt",36
"382",6,8,11,1958,1960,11,"Egypt",36
"383",6,8,11,1959,1960,11,"Egypt",36
"384",6,8,11,1960,1960,11,"Egypt",36
"385",6,8,11,1961,1980,11,"Egypt",36
"386",6,8,11,1962,1980,11,"Egypt",36
"387",6,8,11,1963,1980,11,"Egypt",36
"388",6,8,11,1964,1980,11,"Egypt",36
"389",6,8,11,1965,1980,11,"Egypt",36
"390",6,8,11,1966,1980,11,"Egypt",36
"391",6,8,11,1967,1980,11,"Egypt",36
"392",6,8,11,1968,1980,11,"Egypt",36
"393",6,8,11,1969,1980,11,"Egypt",36
"394",6,8,11,1970,1980,11,"Egypt",36
"395",6,8,11,1971,1980,11,"Egypt",36
"396",6,8,11,1972,1980,11,"Egypt",36
"397",6,8,11,1973,1980,11,"Egypt",36
"398",6,8,11,1974,1980,11,"Egypt",36
"399",6,8,11,1975,1980,11,"Egypt",36
"400",6,8,11,1976,1980,11,"Egypt",36
"401",6,8,11,1977,1980,11,"Egypt",36
"402",6,8,11,1978,1980,11,"Egypt",36
"403",6,8,11,1979,1980,11,"Egypt",36
"404",6,8,11,1980,1980,11,"Egypt",36
"405",6,8,11,1981,2000,11,"Egypt",36
"406",6,8,11,1982,2000,11,"Egypt",36
"407",6,8,11,1983,2000,11,"Egypt",36
"408",6,8,11,1984,2000,11,"Egypt",36
"409",6,8,11,1985,2000,11,"Egypt",36
"410",6,8,11,1986,2000,11,"Egypt",36
"411",6,8,11,1987,2000,11,"Egypt",36
"412",6,8,11,1988,2000,11,"Egypt",36
"413",6,8,11,1989,2000,11,"Egypt",36
"414",6,8,11,1990,2000,11,"Egypt",36
"415",6,8,11,1991,2000,11,"Egypt",36
"416",6,8,11,1992,2000,11,"Egypt",36
"417",6,8,11,1993,2000,11,"Egypt",36
"418",6,8,11,1994,2000,11,"Egypt",36
"419",6,8,11,1995,2000,11,"Egypt",36
"420",6,8,11,1996,2000,11,"Egypt",36
"421",6,8,11,1997,2000,11,"Egypt",36
"422",6,8,11,1998,2000,11,"Egypt",36
"423",6,8,11,1999,2000,11,"Egypt",36
"424",6,8,11,2000,2000,11,"Egypt",36
"425",6,8,11,2001,2014,11,"Egypt",36
"426",6,8,11,2002,2014,11,"Egypt",36
"427",6,8,11,2003,2014,11,"Egypt",36
"428",6,8,11,2004,2014,11,"Egypt",36
"429",6,8,11,2005,2014,11,"Egypt",36
"430",6,8,11,2006,2014,11,"Egypt",36
"431",6,8,11,2007,2014,11,"Egypt",36
"432",6,8,11,2008,2014,11,"Egypt",36
"433",6,8,11,2009,2014,11,"Egypt",36
"434",6,8,11,2010,2014,11,"Egypt",36
"435",6,8,11,2011,2014,11,"Egypt",36
"436",6,8,11,2012,2014,11,"Egypt",36
"437",6,8,11,2013,2014,11,"Egypt",36
"438",6,8,11,2014,2014,11,"Egypt",36
"439",13,9,4,1948,1960,8,"Kenya",34
"440",13,9,4,1949,1960,8,"Kenya",34
"441",13,9,4,1950,1960,8,"Kenya",34
"442",13,9,4,1951,1960,8,"Kenya",34
"443",13,9,4,1952,1960,8,"Kenya",34
"444",13,9,4,1953,1960,8,"Kenya",34
"445",13,9,4,1954,1960,8,"Kenya",34
"446",13,9,4,1955,1960,8,"Kenya",34
"447",13,9,4,1956,1960,8,"Kenya",34
"448",13,9,4,1957,1960,8,"Kenya",34
"449",13,9,4,1958,1960,8,"Kenya",34
"450",13,9,4,1959,1960,8,"Kenya",34
"451",13,9,4,1960,1960,8,"Kenya",34
"452",13,9,4,1961,1980,8,"Kenya",34
"453",13,9,4,1962,1980,8,"Kenya",34
"454",13,9,4,1963,1980,8,"Kenya",34
"455",13,9,4,1964,1980,8,"Kenya",34
"456",13,9,4,1965,1980,8,"Kenya",34
"457",13,9,4,1966,1980,8,"Kenya",34
"458",13,9,4,1967,1980,8,"Kenya",34
"459",13,9,4,1968,1980,8,"Kenya",34
"460",13,9,4,1969,1980,8,"Kenya",34
"461",13,9,4,1970,1980,8,"Kenya",34
"462",13,9,4,1971,1980,8,"Kenya",34
"463",13,9,4,1972,1980,8,"Kenya",34
"464",13,9,4,1973,1980,8,"Kenya",34
"465",13,9,4,1974,1980,8,"Kenya",34
"466",13,9,4,1975,1980,8,"Kenya",34
"467",13,9,4,1976,1980,8,"Kenya",34
"468",13,9,4,1977,1980,8,"Kenya",34
"469",13,9,4,1978,1980,8,"Kenya",34
"470",13,9,4,1979,1980,8,"Kenya",34
"471",13,9,4,1980,1980,8,"Kenya",34
"472",13,9,4,1981,2000,8,"Kenya",34
"473",13,9,4,1982,2000,8,"Kenya",34
"474",13,9,4,1983,2000,8,"Kenya",34
"475",13,9,4,1984,2000,8,"Kenya",34
"476",13,9,4,1985,2000,8,"Kenya",34
"477",13,9,4,1986,2000,8,"Kenya",34
"478",13,9,4,1987,2000,8,"Kenya",34
"479",13,9,4,1988,2000,8,"Kenya",34
"480",13,9,4,1989,2000,8,"Kenya",34
"481",13,9,4,1990,2000,8,"Kenya",34
"482",13,9,4,1991,2000,8,"Kenya",34
"483",13,9,4,1992,2000,8,"Kenya",34
"484",13,9,4,1993,2000,8,"Kenya",34
"485",13,9,4,1994,2000,8,"Kenya",34
"486",13,9,4,1995,2000,8,"Kenya",34
"487",13,9,4,1996,2000,8,"Kenya",34
"488",13,9,4,1997,2000,8,"Kenya",34
"489",13,9,4,1998,2000,8,"Kenya",34
"490",13,9,4,1999,2000,8,"Kenya",34
"491",13,9,4,2000,2000,8,"Kenya",34
"492",13,9,4,2001,2014,8,"Kenya",34
"493",13,9,4,2002,2014,8,"Kenya",34
"494",13,9,4,2003,2014,8,"Kenya",34
"495",13,9,4,2004,2014,8,"Kenya",34
"496",13,9,4,2005,2014,8,"Kenya",34
"497",13,9,4,2006,2014,8,"Kenya",34
"498",13,9,4,2007,2014,8,"Kenya",34
"499",13,9,4,2008,2014,8,"Kenya",34
"500",13,9,4,2009,2014,8,"Kenya",34
"501",13,9,4,2010,2014,8,"Kenya",34
"502",13,9,4,2011,2014,8,"Kenya",34
"503",13,9,4,2012,2014,8,"Kenya",34
"504",13,9,4,2013,2014,8,"Kenya",34
"505",13,9,4,2014,2014,8,"Kenya",34
"506",0,5,6,1947,1960,1,"Mauritius",12
"507",0,5,6,1948,1960,1,"Mauritius",12
"508",0,5,6,1949,1960,1,"Mauritius",12
"509",0,5,6,1950,1960,1,"Mauritius",12
"510",0,5,6,1951,1960,1,"Mauritius",12
"511",0,5,6,1952,1960,1,"Mauritius",12
"512",0,5,6,1953,1960,1,"Mauritius",12
"513",0,5,6,1954,1960,1,"Mauritius",12
"514",0,5,6,1955,1960,1,"Mauritius",12
"515",0,5,6,1956,1960,1,"Mauritius",12
"516",0,5,6,1957,1960,1,"Mauritius",12
"517",0,5,6,1958,1960,1,"Mauritius",12
"518",0,5,6,1959,1960,1,"Mauritius",12
"519",0,5,6,1960,1960,1,"Mauritius",12
"520",0,5,6,1961,1980,1,"Mauritius",12
"521",0,5,6,1962,1980,1,"Mauritius",12
"522",0,5,6,1963,1980,1,"Mauritius",12
"523",0,5,6,1964,1980,1,"Mauritius",12
"524",0,5,6,1965,1980,1,"Mauritius",12
"525",0,5,6,1966,1980,1,"Mauritius",12
"526",0,5,6,1967,1980,1,"Mauritius",12
"527",0,5,6,1968,1980,1,"Mauritius",12
"528",0,5,6,1969,1980,1,"Mauritius",12
"529",0,5,6,1970,1980,1,"Mauritius",12
"530",0,5,6,1971,1980,1,"Mauritius",12
"531",0,5,6,1972,1980,1,"Mauritius",12
"532",0,5,6,1973,1980,1,"Mauritius",12
"533",0,5,6,1974,1980,1,"Mauritius",12
"534",0,5,6,1975,1980,1,"Mauritius",12
"535",0,5,6,1976,1980,1,"Mauritius",12
"536",0,5,6,1977,1980,1,"Mauritius",12
"537",0,5,6,1978,1980,1,"Mauritius",12
"538",0,5,6,1979,1980,1,"Mauritius",12
"539",0,5,6,1980,1980,1,"Mauritius",12
"540",0,5,6,1981,2000,1,"Mauritius",12
"541",0,5,6,1982,2000,1,"Mauritius",12
"542",0,5,6,1983,2000,1,"Mauritius",12
"543",0,5,6,1984,2000,1,"Mauritius",12
"544",0,5,6,1985,2000,1,"Mauritius",12
"545",0,5,6,1986,2000,1,"Mauritius",12
"546",0,5,6,1987,2000,1,"Mauritius",12
"547",0,5,6,1988,2000,1,"Mauritius",12
"548",0,5,6,1989,2000,1,"Mauritius",12
"549",0,5,6,1990,2000,1,"Mauritius",12
"550",0,5,6,1991,2000,1,"Mauritius",12
"551",0,5,6,1992,2000,1,"Mauritius",12
"552",0,5,6,1993,2000,1,"Mauritius",12
"553",0,5,6,1994,2000,1,"Mauritius",12
"554",0,5,6,1995,2000,1,"Mauritius",12
"555",0,5,6,1996,2000,1,"Mauritius",12
"556",0,5,6,1997,2000,1,"Mauritius",12
"557",0,5,6,1998,2000,1,"Mauritius",12
"558",0,5,6,1999,2000,1,"Mauritius",12
"559",0,5,6,2000,2000,1,"Mauritius",12
"560",0,5,6,2001,2014,1,"Mauritius",12
"561",0,5,6,2002,2014,1,"Mauritius",12
"562",0,5,6,2003,2014,1,"Mauritius",12
"563",0,5,6,2004,2014,1,"Mauritius",12
"564",0,5,6,2005,2014,1,"Mauritius",12
"565",0,5,6,2006,2014,1,"Mauritius",12
"566",0,5,6,2007,2014,1,"Mauritius",12
"567",0,5,6,2008,2014,1,"Mauritius",12
"568",0,5,6,2009,2014,1,"Mauritius",12
"569",0,5,6,2010,2014,1,"Mauritius",12
"570",0,5,6,2011,2014,1,"Mauritius",12
"571",0,5,6,2012,2014,1,"Mauritius",12
"572",0,5,6,2013,2014,1,"Mauritius",12
"573",0,5,6,2014,2014,1,"Mauritius",12
"574",2,8,10,1940,1940,2,"Morocco",22
"575",2,8,10,1941,1960,2,"Morocco",22
"576",2,8,10,1942,1960,2,"Morocco",22
"577",2,8,10,1943,1960,2,"Morocco",22
"578",2,8,10,1944,1960,2,"Morocco",22
"579",2,8,10,1945,1960,2,"Morocco",22
"580",2,8,10,1946,1960,2,"Morocco",22
"581",2,8,10,1947,1960,2,"Morocco",22
"582",2,8,10,1948,1960,2,"Morocco",22
"583",2,8,10,1949,1960,2,"Morocco",22
"584",2,8,10,1950,1960,2,"Morocco",22
"585",2,8,10,1951,1960,2,"Morocco",22
"586",2,8,10,1952,1960,2,"Morocco",22
"587",2,8,10,1953,1960,2,"Morocco",22
"588",2,8,10,1954,1960,2,"Morocco",22
"589",2,8,10,1955,1960,2,"Morocco",22
"590",2,8,10,1956,1960,2,"Morocco",22
"591",2,8,10,1957,1960,2,"Morocco",22
"592",2,8,10,1958,1960,2,"Morocco",22
"593",2,8,10,1959,1960,2,"Morocco",22
"594",2,8,10,1960,1960,2,"Morocco",22
"595",2,8,10,1961,1980,2,"Morocco",22
"596",2,8,10,1962,1980,2,"Morocco",22
"597",2,8,10,1963,1980,2,"Morocco",22
"598",2,8,10,1964,1980,2,"Morocco",22
"599",2,8,10,1965,1980,2,"Morocco",22
"600",2,8,10,1966,1980,2,"Morocco",22
"601",2,8,10,1967,1980,2,"Morocco",22
"602",2,8,10,1968,1980,2,"Morocco",22
"603",2,8,10,1969,1980,2,"Morocco",22
"604",2,8,10,1970,1980,2,"Morocco",22
"605",2,8,10,1971,1980,2,"Morocco",22
"606",2,8,10,1972,1980,2,"Morocco",22
"607",2,8,10,1973,1980,2,"Morocco",22
"608",2,8,10,1974,1980,2,"Morocco",22
"609",2,8,10,1975,1980,2,"Morocco",22
"610",2,8,10,1976,1980,2,"Morocco",22
"611",2,8,10,1977,1980,2,"Morocco",22
"612",2,8,10,1978,1980,2,"Morocco",22
"613",2,8,10,1979,1980,2,"Morocco",22
"614",2,8,10,1980,1980,2,"Morocco",22
"615",2,8,10,1981,2000,2,"Morocco",22
"616",2,8,10,1982,2000,2,"Morocco",22
"617",2,8,10,1983,2000,2,"Morocco",22
"618",2,8,10,1984,2000,2,"Morocco",22
"619",2,8,10,1985,2000,2,"Morocco",22
"620",2,8,10,1986,2000,2,"Morocco",22
"621",2,8,10,1987,2000,2,"Morocco",22
"622",2,8,10,1988,2000,2,"Morocco",22
"623",2,8,10,1989,2000,2,"Morocco",22
"624",2,8,10,1990,2000,2,"Morocco",22
"625",2,8,10,1991,2000,2,"Morocco",22
"626",2,8,10,1992,2000,2,"Morocco",22
"627",2,8,10,1993,2000,2,"Morocco",22
"628",2,8,10,1994,2000,2,"Morocco",22
"629",2,8,10,1995,2000,2,"Morocco",22
"630",2,8,10,1996,2000,2,"Morocco",22
"631",2,8,10,1997,2000,2,"Morocco",22
"632",2,8,10,1998,2000,2,"Morocco",22
"633",2,8,10,1999,2000,2,"Morocco",22
"634",2,8,10,2000,2000,2,"Morocco",22
"635",2,8,10,2001,2014,2,"Morocco",22
"636",2,8,10,2002,2014,2,"Morocco",22
"637",2,8,10,2003,2014,2,"Morocco",22
"638",2,8,10,2004,2014,2,"Morocco",22
"639",2,8,10,2005,2014,2,"Morocco",22
"640",2,8,10,2006,2014,2,"Morocco",22
"641",2,8,10,2007,2014,2,"Morocco",22
"642",2,8,10,2008,2014,2,"Morocco",22
"643",2,8,10,2009,2014,2,"Morocco",22
"644",2,8,10,2010,2014,2,"Morocco",22
"645",2,8,10,2011,2014,2,"Morocco",22
"646",2,8,10,2012,2014,2,"Morocco",22
"647",2,8,10,2013,2014,2,"Morocco",22
"648",2,8,10,2014,2014,2,"Morocco",22
"649",10,10,12,1954,1960,11,"Nigeria",43
"650",10,10,12,1955,1960,11,"Nigeria",43
"651",10,10,12,1956,1960,11,"Nigeria",43
"652",10,10,12,1957,1960,11,"Nigeria",43
"653",10,10,12,1958,1960,11,"Nigeria",43
"654",10,10,12,1959,1960,11,"Nigeria",43
"655",10,10,12,1960,1960,11,"Nigeria",43
"656",10,10,12,1961,1980,11,"Nigeria",43
"657",10,10,12,1962,1980,11,"Nigeria",43
"658",10,10,12,1963,1980,11,"Nigeria",43
"659",10,10,12,1964,1980,11,"Nigeria",43
"660",10,10,12,1965,1980,11,"Nigeria",43
"661",10,10,12,1966,1980,11,"Nigeria",43
"662",10,10,12,1967,1980,11,"Nigeria",43
"663",10,10,12,1968,1980,11,"Nigeria",43
"664",10,10,12,1969,1980,11,"Nigeria",43
"665",10,10,12,1970,1980,11,"Nigeria",43
"666",10,10,12,1971,1980,11,"Nigeria",43
"667",10,10,12,1972,1980,11,"Nigeria",43
"668",10,10,12,1973,1980,11,"Nigeria",43
"669",10,10,12,1974,1980,11,"Nigeria",43
"670",10,10,12,1975,1980,11,"Nigeria",43
"671",10,10,12,1976,1980,11,"Nigeria",43
"672",10,10,12,1977,1980,11,"Nigeria",43
"673",10,10,12,1978,1980,11,"Nigeria",43
"674",10,10,12,1979,1980,11,"Nigeria",43
"675",10,10,12,1980,1980,11,"Nigeria",43
"676",10,10,12,1981,2000,11,"Nigeria",43
"677",10,10,12,1982,2000,11,"Nigeria",43
"678",10,10,12,1983,2000,11,"Nigeria",43
"679",10,10,12,1984,2000,11,"Nigeria",43
"680",10,10,12,1985,2000,11,"Nigeria",43
"681",10,10,12,1986,2000,11,"Nigeria",43
"682",10,10,12,1987,2000,11,"Nigeria",43
"683",10,10,12,1988,2000,11,"Nigeria",43
"684",10,10,12,1989,2000,11,"Nigeria",43
"685",10,10,12,1990,2000,11,"Nigeria",43
"686",10,10,12,1992,2000,11,"Nigeria",43
"687",10,10,12,1993,2000,11,"Nigeria",43
"688",10,10,12,1994,2000,11,"Nigeria",43
"689",10,10,12,1995,2000,11,"Nigeria",43
"690",10,10,12,1996,2000,11,"Nigeria",43
"691",10,10,12,1997,2000,11,"Nigeria",43
"692",10,10,12,1998,2000,11,"Nigeria",43
"693",10,10,12,1999,2000,11,"Nigeria",43
"694",10,10,12,2000,2000,11,"Nigeria",43
"695",10,10,12,2001,2014,11,"Nigeria",43
"696",10,10,12,2002,2014,11,"Nigeria",43
"697",10,10,12,2003,2014,11,"Nigeria",43
"698",10,10,12,2004,2014,11,"Nigeria",43
"699",10,10,12,2005,2014,11,"Nigeria",43
"700",10,10,12,2006,2014,11,"Nigeria",43
"701",10,10,12,2007,2014,11,"Nigeria",43
"702",10,10,12,2008,2014,11,"Nigeria",43
"703",10,10,12,2009,2014,11,"Nigeria",43
"704",10,10,12,2010,2014,11,"Nigeria",43
"705",10,10,12,2011,2014,11,"Nigeria",43
"706",10,10,12,2012,2014,11,"Nigeria",43
"707",10,10,12,2013,2014,11,"Nigeria",43
"708",10,10,12,2014,2014,11,"Nigeria",43
"709",0,16,1,1900,1900,3,"South Africa",20
"710",0,16,1,1901,1920,3,"South Africa",20
"711",0,16,1,1902,1920,3,"South Africa",20
"712",0,16,1,1903,1920,3,"South Africa",20
"713",0,16,1,1904,1920,3,"South Africa",20
"714",0,16,1,1905,1920,3,"South Africa",20
"715",0,16,1,1906,1920,3,"South Africa",20
"716",0,16,1,1907,1920,3,"South Africa",20
"717",0,16,1,1908,1920,3,"South Africa",20
"718",0,16,1,1909,1920,3,"South Africa",20
"719",0,16,1,1910,1920,3,"South Africa",20
"720",0,16,1,1911,1920,3,"South Africa",20
"721",0,16,1,1912,1920,3,"South Africa",20
"722",0,16,1,1913,1920,3,"South Africa",20
"723",0,16,1,1914,1920,3,"South Africa",20
"724",0,16,1,1915,1920,3,"South Africa",20
"725",0,16,1,1916,1920,3,"South Africa",20
"726",0,16,1,1917,1920,3,"South Africa",20
"727",0,16,1,1918,1920,3,"South Africa",20
"728",0,16,1,1919,1920,3,"South Africa",20
"729",0,16,1,1920,1920,3,"South Africa",20
"730",0,16,1,1921,1940,3,"South Africa",20
"731",0,16,1,1922,1940,3,"South Africa",20
"732",0,16,1,1923,1940,3,"South Africa",20
"733",0,16,1,1924,1940,3,"South Africa",20
"734",0,16,1,1925,1940,3,"South Africa",20
"735",0,16,1,1926,1940,3,"South Africa",20
"736",0,16,1,1927,1940,3,"South Africa",20
"737",0,16,1,1928,1940,3,"South Africa",20
"738",0,16,1,1929,1940,3,"South Africa",20
"739",0,16,1,1930,1940,3,"South Africa",20
"740",0,16,1,1931,1940,3,"South Africa",20
"741",0,16,1,1932,1940,3,"South Africa",20
"742",0,16,1,1933,1940,3,"South Africa",20
"743",0,16,1,1934,1940,3,"South Africa",20
"744",0,16,1,1935,1940,3,"South Africa",20
"745",0,16,1,1936,1940,3,"South Africa",20
"746",0,16,1,1937,1940,3,"South Africa",20
"747",0,16,1,1938,1940,3,"South Africa",20
"748",0,16,1,1939,1940,3,"South Africa",20
"749",0,16,1,1940,1940,3,"South Africa",20
"750",0,16,1,1941,1960,3,"South Africa",20
"751",0,16,1,1942,1960,3,"South Africa",20
"752",0,16,1,1943,1960,3,"South Africa",20
"753",0,16,1,1944,1960,3,"South Africa",20
"754",0,16,1,1945,1960,3,"South Africa",20
"755",0,16,1,1946,1960,3,"South Africa",20
"756",0,16,1,1947,1960,3,"South Africa",20
"757",0,16,1,1948,1960,3,"South Africa",20
"758",0,16,1,1949,1960,3,"South Africa",20
"759",0,16,1,1950,1960,3,"South Africa",20
"760",0,16,1,1951,1960,3,"South Africa",20
"761",0,16,1,1952,1960,3,"South Africa",20
"762",0,16,1,1953,1960,3,"South Africa",20
"763",0,16,1,1954,1960,3,"South Africa",20
"764",0,16,1,1955,1960,3,"South Africa",20
"765",0,16,1,1956,1960,3,"South Africa",20
"766",0,16,1,1957,1960,3,"South Africa",20
"767",0,16,1,1958,1960,3,"South Africa",20
"768",0,16,1,1959,1960,3,"South Africa",20
"769",0,16,1,1960,1960,3,"South Africa",20
"770",0,16,1,1961,1980,3,"South Africa",20
"771",0,16,1,1962,1980,3,"South Africa",20
"772",0,16,1,1963,1980,3,"South Africa",20
"773",0,16,1,1964,1980,3,"South Africa",20
"774",0,16,1,1965,1980,3,"South Africa",20
"775",0,16,1,1966,1980,3,"South Africa",20
"776",0,16,1,1967,1980,3,"South Africa",20
"777",0,16,1,1968,1980,3,"South Africa",20
"778",0,16,1,1969,1980,3,"South Africa",20
"779",0,16,1,1970,1980,3,"South Africa",20
"780",0,16,1,1971,1980,3,"South Africa",20
"781",0,16,1,1972,1980,3,"South Africa",20
"782",0,16,1,1973,1980,3,"South Africa",20
"783",0,16,1,1974,1980,3,"South Africa",20
"784",0,16,1,1975,1980,3,"South Africa",20
"785",0,16,1,1976,1980,3,"South Africa",20
"786",0,16,1,1977,1980,3,"South Africa",20
"787",0,16,1,1978,1980,3,"South Africa",20
"788",0,16,1,1979,1980,3,"South Africa",20
"789",0,16,1,1980,1980,3,"South Africa",20
"790",0,16,1,1981,2000,3,"South Africa",20
"791",0,16,1,1982,2000,3,"South Africa",20
"792",0,16,1,1983,2000,3,"South Africa",20
"793",0,16,1,1984,2000,3,"South Africa",20
"794",0,16,1,1985,2000,3,"South Africa",20
"795",0,16,1,1986,2000,3,"South Africa",20
"796",0,16,1,1987,2000,3,"South Africa",20
"797",0,16,1,1988,2000,3,"South Africa",20
"798",0,16,1,1989,2000,3,"South Africa",20
"799",0,16,1,1990,2000,3,"South Africa",20
"800",0,16,1,1991,2000,3,"South Africa",20
"801",0,16,1,1992,2000,3,"South Africa",20
"802",0,16,1,1993,2000,3,"South Africa",20
"803",0,16,1,1994,2000,3,"South Africa",20
"804",0,16,1,1995,2000,3,"South Africa",20
"805",0,16,1,1996,2000,3,"South Africa",20
"806",0,16,1,1997,2000,3,"South Africa",20
"807",0,16,1,1998,2000,3,"South Africa",20
"808",0,16,1,1999,2000,3,"South Africa",20
"809",0,16,1,2000,2000,3,"South Africa",20
"810",0,16,1,2001,2014,3,"South Africa",20
"811",0,16,1,2002,2014,3,"South Africa",20
"812",0,16,1,2003,2014,3,"South Africa",20
"813",0,16,1,2004,2014,3,"South Africa",20
"814",0,16,1,2005,2014,3,"South Africa",20
"815",0,16,1,2006,2014,3,"South Africa",20
"816",0,16,1,2007,2014,3,"South Africa",20
"817",0,16,1,2008,2014,3,"South Africa",20
"818",0,16,1,2009,2014,3,"South Africa",20
"819",0,16,1,2010,2014,3,"South Africa",20
"820",0,16,1,2011,2014,3,"South Africa",20
"821",0,16,1,2012,2014,3,"South Africa",20
"822",0,16,1,2013,2014,3,"South Africa",20
"823",5,10,8,1940,1940,5,"Tunisia",28
"824",5,10,8,1941,1960,5,"Tunisia",28
"825",5,10,8,1942,1960,5,"Tunisia",28
"826",5,10,8,1943,1960,5,"Tunisia",28
"827",5,10,8,1944,1960,5,"Tunisia",28
"828",5,10,8,1945,1960,5,"Tunisia",28
"829",5,10,8,1946,1960,5,"Tunisia",28
"830",5,10,8,1947,1960,5,"Tunisia",28
"831",5,10,8,1948,1960,5,"Tunisia",28
"832",5,10,8,1949,1960,5,"Tunisia",28
"833",5,10,8,1950,1960,5,"Tunisia",28
"834",5,10,8,1951,1960,5,"Tunisia",28
"835",5,10,8,1952,1960,5,"Tunisia",28
"836",5,10,8,1953,1960,5,"Tunisia",28
"837",5,10,8,1954,1960,5,"Tunisia",28
"838",5,10,8,1955,1960,5,"Tunisia",28
"839",5,10,8,1956,1960,5,"Tunisia",28
"840",5,10,8,1957,1960,5,"Tunisia",28
"841",5,10,8,1958,1960,5,"Tunisia",28
"842",5,10,8,1959,1960,5,"Tunisia",28
"843",5,10,8,1960,1960,5,"Tunisia",28
"844",5,10,8,1961,1980,5,"Tunisia",28
"845",5,10,8,1962,1980,5,"Tunisia",28
"846",5,10,8,1963,1980,5,"Tunisia",28
"847",5,10,8,1964,1980,5,"Tunisia",28
"848",5,10,8,1965,1980,5,"Tunisia",28
"849",5,10,8,1966,1980,5,"Tunisia",28
"850",5,10,8,1967,1980,5,"Tunisia",28
"851",5,10,8,1968,1980,5,"Tunisia",28
"852",5,10,8,1969,1980,5,"Tunisia",28
"853",5,10,8,1970,1980,5,"Tunisia",28
"854",5,10,8,1971,1980,5,"Tunisia",28
"855",5,10,8,1972,1980,5,"Tunisia",28
"856",5,10,8,1973,1980,5,"Tunisia",28
"857",5,10,8,1974,1980,5,"Tunisia",28
"858",5,10,8,1975,1980,5,"Tunisia",28
"859",5,10,8,1976,1980,5,"Tunisia",28
"860",5,10,8,1977,1980,5,"Tunisia",28
"861",5,10,8,1978,1980,5,"Tunisia",28
"862",5,10,8,1979,1980,5,"Tunisia",28
"863",5,10,8,1980,1980,5,"Tunisia",28
"864",5,10,8,1981,2000,5,"Tunisia",28
"865",5,10,8,1982,2000,5,"Tunisia",28
"866",5,10,8,1983,2000,5,"Tunisia",28
"867",5,10,8,1984,2000,5,"Tunisia",28
"868",5,10,8,1985,2000,5,"Tunisia",28
"869",5,10,8,1986,2000,5,"Tunisia",28
"870",5,10,8,1987,2000,5,"Tunisia",28
"871",5,10,8,1988,2000,5,"Tunisia",28
"872",5,10,8,1989,2000,5,"Tunisia",28
"873",5,10,8,1990,2000,5,"Tunisia",28
"874",5,10,8,1991,2000,5,"Tunisia",28
"875",5,10,8,1992,2000,5,"Tunisia",28
"876",5,10,8,1993,2000,5,"Tunisia",28
"877",5,10,8,1994,2000,5,"Tunisia",28
"878",5,10,8,1995,2000,5,"Tunisia",28
"879",5,10,8,1996,2000,5,"Tunisia",28
"880",5,10,8,1997,2000,5,"Tunisia",28
"881",5,10,8,1998,2000,5,"Tunisia",28
"882",5,10,8,1999,2000,5,"Tunisia",28
"883",5,10,8,2000,2000,5,"Tunisia",28
"884",5,10,8,2001,2014,5,"Tunisia",28
"885",5,10,8,2002,2014,5,"Tunisia",28
"886",5,10,8,2003,2014,5,"Tunisia",28
"887",5,10,8,2004,2014,5,"Tunisia",28
"888",5,10,8,2005,2014,5,"Tunisia",28
"889",5,10,8,2006,2014,5,"Tunisia",28
"890",5,10,8,2007,2014,5,"Tunisia",28
"891",5,10,8,2008,2014,5,"Tunisia",28
"892",5,10,8,2009,2014,5,"Tunisia",28
"893",5,10,8,2010,2014,5,"Tunisia",28
"894",5,10,8,2011,2014,5,"Tunisia",28
"895",5,10,8,2012,2014,5,"Tunisia",28
"896",5,10,8,2013,2014,5,"Tunisia",28
"897",5,10,8,2014,2014,5,"Tunisia",28
"898",4,19,20,1943,1960,4,"Zambia",47
"899",4,19,20,1944,1960,4,"Zambia",47
"900",4,19,20,1945,1960,4,"Zambia",47
"901",4,19,20,1946,1960,4,"Zambia",47
"902",4,19,20,1947,1960,4,"Zambia",47
"903",4,19,20,1948,1960,4,"Zambia",47
"904",4,19,20,1949,1960,4,"Zambia",47
"905",4,19,20,1950,1960,4,"Zambia",47
"906",4,19,20,1951,1960,4,"Zambia",47
"907",4,19,20,1952,1960,4,"Zambia",47
"908",4,19,20,1953,1960,4,"Zambia",47
"909",4,19,20,1954,1960,4,"Zambia",47
"910",4,19,20,1955,1960,4,"Zambia",47
"911",4,19,20,1956,1960,4,"Zambia",47
"912",4,19,20,1957,1960,4,"Zambia",47
"913",4,19,20,1958,1960,4,"Zambia",47
"914",4,19,20,1959,1960,4,"Zambia",47
"915",4,19,20,1960,1960,4,"Zambia",47
"916",4,19,20,1961,1980,4,"Zambia",47
"917",4,19,20,1962,1980,4,"Zambia",47
"918",4,19,20,1963,1980,4,"Zambia",47
"919",4,19,20,1964,1980,4,"Zambia",47
"920",4,19,20,1965,1980,4,"Zambia",47
"921",4,19,20,1966,1980,4,"Zambia",47
"922",4,19,20,1967,1980,4,"Zambia",47
"923",4,19,20,1968,1980,4,"Zambia",47
"924",4,19,20,1969,1980,4,"Zambia",47
"925",4,19,20,1970,1980,4,"Zambia",47
"926",4,19,20,1971,1980,4,"Zambia",47
"927",4,19,20,1972,1980,4,"Zambia",47
"928",4,19,20,1973,1980,4,"Zambia",47
"929",4,19,20,1974,1980,4,"Zambia",47
"930",4,19,20,1975,1980,4,"Zambia",47
"931",4,19,20,1976,1980,4,"Zambia",47
"932",4,19,20,1977,1980,4,"Zambia",47
"933",4,19,20,1978,1980,4,"Zambia",47
"934",4,19,20,1979,1980,4,"Zambia",47
"935",4,19,20,1980,1980,4,"Zambia",47
"936",4,19,20,1981,2000,4,"Zambia",47
"937",4,19,20,1982,2000,4,"Zambia",47
"938",4,19,20,1983,2000,4,"Zambia",47
"939",4,19,20,1984,2000,4,"Zambia",47
"940",4,19,20,1985,2000,4,"Zambia",47
"941",4,19,20,1986,2000,4,"Zambia",47
"942",4,19,20,1987,2000,4,"Zambia",47
"943",4,19,20,1988,2000,4,"Zambia",47
"944",4,19,20,1989,2000,4,"Zambia",47
"945",4,19,20,1990,2000,4,"Zambia",47
"946",4,19,20,1991,2000,4,"Zambia",47
"947",4,19,20,1992,2000,4,"Zambia",47
"948",4,19,20,1993,2000,4,"Zambia",47
"949",4,19,20,1994,2000,4,"Zambia",47
"950",4,19,20,1995,2000,4,"Zambia",47
"951",4,19,20,1996,2000,4,"Zambia",47
"952",4,19,20,1997,2000,4,"Zambia",47
"953",4,19,20,1998,2000,4,"Zambia",47
"954",4,19,20,1999,2000,4,"Zambia",47
"955",4,19,20,2000,2000,4,"Zambia",47
"956",4,19,20,2001,2014,4,"Zambia",47
"957",4,19,20,2002,2014,4,"Zambia",47
"958",4,19,20,2003,2014,4,"Zambia",47
"959",4,19,20,2004,2014,4,"Zambia",47
"960",4,19,20,2005,2014,4,"Zambia",47
"961",4,19,20,2006,2014,4,"Zambia",47
"962",4,19,20,2007,2014,4,"Zambia",47
"963",4,19,20,2008,2014,4,"Zambia",47
"964",4,19,20,2009,2014,4,"Zambia",47
"965",4,19,20,2010,2014,4,"Zambia",47
"966",4,19,20,2011,2014,4,"Zambia",47
"967",4,19,20,2012,2014,4,"Zambia",47
"968",4,19,20,2013,2014,4,"Zambia",47
"969",4,19,20,2014,2014,4,"Zambia",47
"970",15,21,19,1921,1940,15,"Zimbabwe",70
"971",15,21,19,1922,1940,15,"Zimbabwe",70
"972",15,21,19,1923,1940,15,"Zimbabwe",70
"973",15,21,19,1927,1940,15,"Zimbabwe",70
"974",15,21,19,1928,1940,15,"Zimbabwe",70
"975",15,21,19,1929,1940,15,"Zimbabwe",70
"976",15,21,19,1930,1940,15,"Zimbabwe",70
"977",15,21,19,1931,1940,15,"Zimbabwe",70
"978",15,21,19,1932,1940,15,"Zimbabwe",70
"979",15,21,19,1933,1940,15,"Zimbabwe",70
"980",15,21,19,1934,1940,15,"Zimbabwe",70
"981",15,21,19,1935,1940,15,"Zimbabwe",70
"982",15,21,19,1936,1940,15,"Zimbabwe",70
"983",15,21,19,1937,1940,15,"Zimbabwe",70
"984",15,21,19,1938,1940,15,"Zimbabwe",70
"985",15,21,19,1939,1940,15,"Zimbabwe",70
"986",15,21,19,1940,1940,15,"Zimbabwe",70
"987",15,21,19,1941,1960,15,"Zimbabwe",70
"988",15,21,19,1942,1960,15,"Zimbabwe",70
"989",15,21,19,1943,1960,15,"Zimbabwe",70
"990",15,21,19,1944,1960,15,"Zimbabwe",70
"991",15,21,19,1945,1960,15,"Zimbabwe",70
"992",15,21,19,1946,1960,15,"Zimbabwe",70
"993",15,21,19,1947,1960,15,"Zimbabwe",70
"994",15,21,19,1948,1960,15,"Zimbabwe",70
"995",15,21,19,1949,1960,15,"Zimbabwe",70
"996",15,21,19,1950,1960,15,"Zimbabwe",70
"997",15,21,19,1951,1960,15,"Zimbabwe",70
"998",15,21,19,1952,1960,15,"Zimbabwe",70
"999",15,21,19,1953,1960,15,"Zimbabwe",70
"1000",15,21,19,1954,1960,15,"Zimbabwe",70
"1001",15,21,19,1955,1960,15,"Zimbabwe",70
"1002",15,21,19,1956,1960,15,"Zimbabwe",70
"1003",15,21,19,1957,1960,15,"Zimbabwe",70
"1004",15,21,19,1958,1960,15,"Zimbabwe",70
"1005",15,21,19,1959,1960,15,"Zimbabwe",70
"1006",15,21,19,1960,1960,15,"Zimbabwe",70
"1007",15,21,19,1961,1980,15,"Zimbabwe",70
"1008",15,21,19,1962,1980,15,"Zimbabwe",70
"1009",15,21,19,1963,1980,15,"Zimbabwe",70
"1010",15,21,19,1964,1980,15,"Zimbabwe",70
"1011",15,21,19,1965,1980,15,"Zimbabwe",70
"1012",15,21,19,1966,1980,15,"Zimbabwe",70
"1013",15,21,19,1967,1980,15,"Zimbabwe",70
"1014",15,21,19,1968,1980,15,"Zimbabwe",70
"1015",15,21,19,1969,1980,15,"Zimbabwe",70
"1016",15,21,19,1970,1980,15,"Zimbabwe",70
"1017",15,21,19,1971,1980,15,"Zimbabwe",70
"1018",15,21,19,1972,1980,15,"Zimbabwe",70
"1019",15,21,19,1973,1980,15,"Zimbabwe",70
"1020",15,21,19,1974,1980,15,"Zimbabwe",70
"1021",15,21,19,1975,1980,15,"Zimbabwe",70
"1022",15,21,19,1976,1980,15,"Zimbabwe",70
"1023",15,21,19,1977,1980,15,"Zimbabwe",70
"1024",15,21,19,1978,1980,15,"Zimbabwe",70
"1025",15,21,19,1979,1980,15,"Zimbabwe",70
"1026",15,21,19,1980,1980,15,"Zimbabwe",70
"1027",15,21,19,1981,2000,15,"Zimbabwe",70
"1028",15,21,19,1982,2000,15,"Zimbabwe",70
"1029",15,21,19,1983,2000,15,"Zimbabwe",70
"1030",15,21,19,1984,2000,15,"Zimbabwe",70
"1031",15,21,19,1985,2000,15,"Zimbabwe",70
"1032",15,21,19,1986,2000,15,"Zimbabwe",70
"1033",15,21,19,1987,2000,15,"Zimbabwe",70
"1034",15,21,19,1988,2000,15,"Zimbabwe",70
"1035",15,21,19,1989,2000,15,"Zimbabwe",70
"1036",15,21,19,1990,2000,15,"Zimbabwe",70
"1037",15,21,19,1991,2000,15,"Zimbabwe",70
"1038",15,21,19,1992,2000,15,"Zimbabwe",70
"1039",15,21,19,1993,2000,15,"Zimbabwe",70
"1040",15,21,19,1994,2000,15,"Zimbabwe",70
"1041",15,21,19,1995,2000,15,"Zimbabwe",70
"1042",15,21,19,1996,2000,15,"Zimbabwe",70
"1043",15,21,19,1997,2000,15,"Zimbabwe",70
"1044",15,21,19,1998,2000,15,"Zimbabwe",70
"1045",15,21,19,1999,2000,15,"Zimbabwe",70
"1046",15,21,19,2000,2000,15,"Zimbabwe",70
"1047",15,21,19,2001,2014,15,"Zimbabwe",70
"1048",15,21,19,2002,2014,15,"Zimbabwe",70
"1049",15,21,19,2003,2014,15,"Zimbabwe",70
"1050",15,21,19,2004,2014,15,"Zimbabwe",70
"1051",15,21,19,2005,2014,15,"Zimbabwe",70
"1052",15,21,19,2006,2014,15,"Zimbabwe",70
"1053",15,21,19,2007,2014,15,"Zimbabwe",70
"1054",15,21,19,2008,2014,15,"Zimbabwe",70
"1055",15,21,19,2009,2014,15,"Zimbabwe",70
"1056",15,21,19,2010,2014,15,"Zimbabwe",70
"1057",15,21,19,2011,2014,15,"Zimbabwe",70
"1058",15,21,19,2012,2014,15,"Zimbabwe",70
"1059",15,21,19,2013,2014,15,"Zimbabwe",70
