"","case","cc3","country","year","systemic_crisis","exch_usd","domestic_debt_in_default","sovereign_external_debt_default","gdp_weighted_default","inflation_annual_cpi","independence","currency_crises","inflation_crises","banking_crisis"
"1",1,"DZA","Algeria",1957,0,-0.349331221449044,0,0,0,-0.0308496872001479,0,0,0,"no_crisis"
"2",2,"AGO","Angola",1957,0,-0.386998731258494,0,0,0,-0.0308524874611914,0,0,0,"no_crisis"
"3",10,"CAF","Central African Republic",1957,0,1.49637543974059,0,0,0,-0.0308439074133724,0,0,0,"no_crisis"
"4",15,"CIV","Ivory Coast",1957,0,-0.386998731516847,0,0,0,-0.0308346947918578,0,0,0,"no_crisis"
"5",19,"EGY","Egypt",1957,0,-0.383850951263741,0,0,0,-0.0308491890546805,1,0,0,"no_crisis"
"6",35,"KEN","Kenya",1957,0,-0.322922699684671,0,0,0,-0.0308501044485277,0,0,0,"no_crisis"
"7",38,"MUS","Mauritius",1957,0,-0.34516913651307,0,0,0,-0.0308553679727912,0,0,0,"no_crisis"
"8",40,"MAR","Morocco",1957,0,-0.3548167376211,0,0,0,-0.0308505682927176,1,0,0,"no_crisis"
"9",45,"NGA","Nigeria",1957,0,-0.386998731516847,0,0,0,-0.0308517090575611,0,0,0,"no_crisis"
"10",56,"ZAF","South Africa",1957,0,-0.383798024779007,0,0,0,-0.0308491675970952,1,0,0,"no_crisis"
"11",63,"TUN","Tunisia",1957,0,2.75270799001947,0,0,0,-0.0308458510039982,1,0,0,"no_crisis"
"12",69,"ZMB","Zambia",1957,0,-0.386992344456317,0,0,0,-0.0308492955686193,0,0,0,"no_crisis"
"13",70,"ZWE","Zimbabwe",1957,0,-0.386998731516847,0,0,0,-0.0308496018466924,0,0,0,"no_crisis"
"14",1,"DZA","Algeria",1958,0,-0.342989013871541,0,0,0,-0.0308358479963843,0,0,0,"no_crisis"
"15",2,"AGO","Angola",1958,0,-0.386998731258494,0,0,0,-0.0308510078796119,0,0,0,"no_crisis"
"16",10,"CAF","Central African Republic",1958,0,1.81348559435099,0,0,0,-0.0308351053796304,0,0,0,"no_crisis"
"17",15,"CIV","Ivory Coast",1958,0,-0.386998731516847,0,0,0,-0.0308226909018131,0,0,1,"no_crisis"
"18",19,"EGY","Egypt",1958,0,-0.383850951263741,0,0,0,-0.030855981407271,1,0,0,"no_crisis"
"19",35,"KEN","Kenya",1958,0,-0.322922699684671,0,0,0,-0.0308539975496072,0,0,0,"no_crisis"
"20",38,"MUS","Mauritius",1958,0,-0.344319890697847,0,0,0,-0.030853076213663,0,0,0,"no_crisis"
"21",40,"MAR","Morocco",1958,0,-0.348462868275774,0,0,0,-0.0308475097658771,1,1,0,"no_crisis"
"22",45,"NGA","Nigeria",1958,0,-0.386998731516847,0,0,0,-0.0308590291496151,0,0,0,"no_crisis"
"23",56,"ZAF","South Africa",1958,0,-0.383810583605893,0,0,0,-0.0308493202515406,1,0,0,"no_crisis"
"24",63,"TUN","Tunisia",1958,0,-0.383233774628194,0,1,0.06,-0.0308462770681412,1,2,0,"no_crisis"
"25",69,"ZMB","Zambia",1958,0,-0.386992328309254,0,0,0,-0.0308523185858253,0,0,0,"no_crisis"
"26",70,"ZWE","Zimbabwe",1958,0,-0.386998731516847,0,0,0,-0.0308487122401513,0,0,0,"no_crisis"
"27",1,"DZA","Algeria",1959,0,-0.342962102099642,0,0,0,-0.0308403179251316,0,0,0,"no_crisis"
"28",2,"AGO","Angola",1959,0,-0.386998731257597,0,0,0,-0.0308539975496072,0,1,0,"no_crisis"
"29",10,"CAF","Central African Republic",1959,0,1.81483118204887,0,0,0,-0.0308484130716904,0,1,0,"no_crisis"
"30",15,"CIV","Ivory Coast",1959,0,-0.386998731516847,0,0,0,-0.030844602812006,0,0,0,"no_crisis"
"31",19,"EGY","Egypt",1959,0,-0.383850951263741,0,0,0,-0.0308529696000716,1,0,0,"no_crisis"
"32",35,"KEN","Kenya",1959,0,-0.322922699684671,0,0,0,-0.0308527298110783,0,0,0,"no_crisis"
"33",38,"MUS","Mauritius",1959,0,-0.344281765687657,0,0,0,-0.0308549131850621,0,0,0,"no_crisis"
"34",40,"MAR","Morocco",1959,0,-0.342971072690275,0,0,0,-0.0308572106229919,1,1,0,"no_crisis"
"35",45,"NGA","Nigeria",1959,0,-0.386998731516847,0,0,0,-0.0308470308398397,0,0,0,"no_crisis"
"36",56,"ZAF","South Africa",1959,0,-0.383809238017298,0,0,0,-0.0308528350789998,1,0,0,"no_crisis"
"37",63,"TUN","Tunisia",1959,0,-0.383231083451004,0,0,0,-0.0308662276535073,1,0,0,"no_crisis"
"38",69,"ZMB","Zambia",1959,0,-0.386992322926899,0,0,0,-0.0308509144524247,0,0,0,"no_crisis"
"39",70,"ZWE","Zimbabwe",1959,0,-0.386998731516847,0,0,0,-0.030850072120833,0,0,0,"no_crisis"
"40",1,"DZA","Algeria",1960,0,-0.342710387326481,0,0,0,-0.0308460289291953,0,1,0,"no_crisis"
"41",2,"AGO","Angola",1960,0,-0.386998731258494,0,0,0,-0.0308554627839121,0,0,0,"no_crisis"
"42",10,"CAF","Central African Republic",1960,0,1.81196059484044,0,0,0,-0.0308378533316297,1,0,0,"no_crisis"
"43",15,"CIV","Ivory Coast",1960,0,-0.386998731516847,0,0,0,-0.0308571829811275,1,0,0,"no_crisis"
"44",19,"EGY","Egypt",1960,0,-0.383850951263741,0,0,0,-0.0308529229616984,1,0,0,"no_crisis"
"45",35,"KEN","Kenya",1960,0,-0.322922699684671,0,0,0,-0.0308527454889072,0,0,0,"no_crisis"
"46",38,"MUS","Mauritius",1960,0,-0.34433962599724,0,0,0,-0.0308512310848771,0,0,0,"no_crisis"
"47",40,"MAR","Morocco",1960,0,-0.341603057618749,0,0,0,-0.0308507131669609,1,0,0,"no_crisis"
"48",45,"NGA","Nigeria",1960,0,-0.386998731516847,0,0,0,-0.0308475959626489,1,0,0,"no_crisis"
"49",56,"ZAF","South Africa",1960,0,-0.383807892428703,0,0,0,-0.0308516547969859,1,0,0,"no_crisis"
"50",63,"TUN","Tunisia",1960,0,-0.383231083451004,0,0,0,-0.030851330964851,1,0,0,"no_crisis"
"51",69,"ZMB","Zambia",1960,0,-0.38699233189749,0,0,0,-0.0308488864811218,0,0,0,"no_crisis"
"52",70,"ZWE","Zimbabwe",1960,0,-0.386998731516847,0,0,0,-0.0308503647529261,0,0,0,"no_crisis"
"53",1,"DZA","Algeria",1961,0,-0.342710387326481,0,0,0,-0.0308496767126796,0,0,0,"no_crisis"
"54",2,"AGO","Angola",1961,0,-0.386998731258494,0,0,0,-0.0308510377763116,0,0,0,"no_crisis"
"55",10,"CAF","Central African Republic",1961,0,1.81137750734636,0,0,0,-0.0308442933748677,1,0,0,"no_crisis"
"56",15,"CIV","Ivory Coast",1961,0,-0.386998731516847,0,0,0,-0.0308326422962359,1,0,0,"no_crisis"
"57",19,"EGY","Egypt",1961,0,-0.383850951263741,0,0,0,-0.0308522550422009,1,0,0,"no_crisis"
"58",35,"KEN","Kenya",1961,0,-0.322922699684671,0,0,0,-0.0308502680112872,0,0,0,"no_crisis"
"59",38,"MUS","Mauritius",1961,0,-0.344404931897048,0,0,0,-0.030854904390186,0,0,0,"no_crisis"
"60",40,"MAR","Morocco",1961,0,-0.341603057618749,0,0,0,-0.0308506297103842,1,0,0,"no_crisis"
"61",45,"NGA","Nigeria",1961,0,-0.386998731516847,0,0,0,-0.0308447965218887,1,0,0,"no_crisis"
"62",56,"ZAF","South Africa",1961,0,-0.383807892428703,0,0,0,-0.0308509202003474,1,0,0,"no_crisis"
"63",63,"TUN","Tunisia",1961,0,-0.383231083451004,0,0,0,-0.0308566169360455,1,0,0,"no_crisis"
"64",69,"ZMB","Zambia",1961,0,-0.386992342662199,0,0,0,-0.0308537729841072,0,0,0,"no_crisis"
"65",70,"ZWE","Zimbabwe",1961,0,-0.386998731516847,0,0,0,-0.0308497053184726,0,0,0,"no_crisis"
"66",1,"DZA","Algeria",1970,0,-0.342710387326481,0,0,0,-0.0308485866090162,1,0,0,"no_crisis"
"67",2,"AGO","Angola",1970,0,-0.386998731258494,0,0,0,-0.0308422096101555,0,1,0,"no_crisis"
"68",10,"CAF","Central African Republic",1970,0,2.08910679688689,0,0,0,-0.0308484710019598,1,0,0,"no_crisis"
"69",15,"CIV","Ivory Coast",1970,0,2.10682546444628,0,0,0,-0.0308420472919406,1,0,0,"no_crisis"
"70",19,"EGY","Egypt",1970,0,-0.383098318709636,0,0,0,-0.0308490122309054,1,0,0,"no_crisis"
"71",35,"KEN","Kenya",1970,0,-0.322922699684671,0,0,0,-0.0308512855184939,1,0,0,"no_crisis"
"72",38,"MUS","Mauritius",1970,0,-0.337031106396754,0,0,0,-0.0308539809323626,1,0,0,"no_crisis"
"73",40,"MAR","Morocco",1970,0,-0.341904469464016,0,0,0,-0.0308511623232093,1,0,0,"no_crisis"
"74",45,"NGA","Nigeria",1970,0,-0.386998731516847,0,0,0,-0.0308341471310052,1,0,0,"no_crisis"
"75",56,"ZAF","South Africa",1970,0,-0.380601803336483,0,0,0,-0.0308467719632299,1,0,0,"no_crisis"
"76",63,"TUN","Tunisia",1970,0,-0.382334024387708,0,0,0,-0.030851685020298,1,0,0,"no_crisis"
"77",69,"ZMB","Zambia",1970,0,-0.386992325618076,0,0,0,-0.0308502029684591,1,0,0,"no_crisis"
"78",70,"ZWE","Zimbabwe",1970,0,-0.386998731516847,1,1,0,-0.0308509060794436,1,0,0,"no_crisis"
"79",1,"DZA","Algeria",1971,0,-0.345339308617377,0,0,0,-0.0308448624812357,1,0,0,"no_crisis"
"80",2,"AGO","Angola",1971,0,-0.386998731269259,0,0,0,-0.0308454471218022,0,0,0,"no_crisis"
"81",10,"CAF","Central African Republic",1971,0,1.95634214881322,0,0,0,-0.0308130053842399,1,0,1,"no_crisis"
"82",15,"CIV","Ivory Coast",1971,0,1.98123719558483,0,0,0,-0.0308555843674626,1,0,0,"no_crisis"
"83",19,"EGY","Egypt",1971,0,-0.383098318709636,0,0,0,-0.0308496422739355,1,0,0,"no_crisis"
"84",35,"KEN","Kenya",1971,0,-0.322922699684671,0,0,0,-0.0308456883212193,1,0,0,"no_crisis"
"85",38,"MUS","Mauritius",1971,0,-0.3401397748747,0,0,0,-0.0308512061932769,1,0,0,"no_crisis"
"86",40,"MAR","Morocco",1971,0,-0.344298720103953,0,0,0,-0.0308474898352802,1,0,0,"no_crisis"
"87",45,"NGA","Nigeria",1971,0,-0.386998731516847,0,0,0,-0.0308310912360676,1,0,0,"no_crisis"
"88",56,"ZAF","South Africa",1971,0,-0.380755200436307,0,0,0,-0.0308440742454442,1,0,0,"no_crisis"
"89",63,"TUN","Tunisia",1971,0,-0.382692848013026,0,0,0,-0.0308477033045694,1,0,0,"no_crisis"
"90",69,"ZMB","Zambia",1971,0,-0.386992323823958,0,0,0,-0.0308443461149482,1,0,0,"no_crisis"
"91",70,"ZWE","Zimbabwe",1971,0,-0.386998731516847,1,1,0,-0.0308495210640948,1,0,0,"no_crisis"
"92",1,"DZA","Algeria",1972,0,-0.346128720593077,0,0,0,-0.0308469914277442,1,0,0,"no_crisis"
"93",2,"AGO","Angola",1972,0,-0.386998731274641,0,0,0,-0.0308306178940421,0,1,0,"no_crisis"
"94",10,"CAF","Central African Republic",1972,0,1.90991937547883,0,0,0,-0.0308670553729706,1,0,0,"no_crisis"
"95",15,"CIV","Ivory Coast",1972,0,1.90498717520466,0,0,0,-0.0308522296541919,1,0,0,"no_crisis"
"96",19,"EGY","Egypt",1972,0,-0.383098318709636,0,0,0,-0.0308504101524418,1,0,0,"no_crisis"
"97",35,"KEN","Kenya",1972,0,-0.322922699684671,0,0,0,-0.0308473007382383,1,0,0,"no_crisis"
"98",38,"MUS","Mauritius",1972,0,-0.336061026725705,0,0,0,-0.0308457813220378,1,0,0,"no_crisis"
"99",40,"MAR","Morocco",1972,0,-0.346120647061508,0,0,0,-0.0308492450875532,1,0,0,"no_crisis"
"100",45,"NGA","Nigeria",1972,0,-0.386998731516847,0,0,0,-0.030854009756029,1,0,0,"no_crisis"
"101",56,"ZAF","South Africa",1972,0,-0.380365876802836,0,0,0,-0.0308415198685705,1,0,0,"no_crisis"
"102",63,"TUN","Tunisia",1972,0,-0.382737700966191,0,0,0,-0.0308499782264205,1,0,0,"no_crisis"
"103",69,"ZMB","Zambia",1972,0,-0.386992323823958,0,0,0,-0.0308469504703317,1,0,0,"no_crisis"
"104",70,"ZWE","Zimbabwe",1972,0,-0.386998731516847,1,1,0,-0.030849780231563,1,0,0,"no_crisis"
"105",1,"DZA","Algeria",1973,0,-0.349456809717906,0,0,0,-0.0308407360859325,1,0,0,"no_crisis"
"106",2,"AGO","Angola",1973,0,-0.386998731285406,0,0,0,-0.0308308005481637,0,1,0,"no_crisis"
"107",10,"CAF","Central African Republic",1973,0,1.72490107464463,0,0,0,-0.0308456433507894,1,0,0,"no_crisis"
"108",15,"CIV","Ivory Coast",1973,0,1.74800183912785,0,0,0,-0.0308348588058747,1,0,0,"no_crisis"
"109",19,"EGY","Egypt",1973,0,-0.383098318709636,0,0,0,-0.0308455025378167,1,0,0,"no_crisis"
"110",35,"KEN","Kenya",1973,0,-0.325101656149417,0,0,0,-0.0308352578963043,1,0,0,"no_crisis"
"111",38,"MUS","Mauritius",1973,0,-0.335514717756158,0,0,0,-0.0308231819221501,1,0,1,"no_crisis"
"112",40,"MAR","Morocco",1973,0,-0.352147089848731,0,0,0,-0.0308433522097728,1,0,0,"no_crisis"
"113",45,"NGA","Nigeria",1973,0,-0.381097024801346,0,0,0,-0.0308367221380196,1,1,0,"no_crisis"
"114",56,"ZAF","South Africa",1973,0,-0.381018038741852,0,0,0,-0.0308380612185585,1,0,0,"no_crisis"
"115",63,"TUN","Tunisia",1973,0,-0.383531598237208,0,0,0,-0.0308454365891249,1,0,0,"no_crisis"
"116",69,"ZMB","Zambia",1973,0,-0.386992964324129,0,0,0,-0.0308443878960492,1,0,0,"no_crisis"
"117",70,"ZWE","Zimbabwe",1973,0,-0.386998731516847,1,1,0,-0.0308494000725153,1,0,0,"no_crisis"
"118",1,"DZA","Algeria",1974,0,-0.351143280756903,0,0,0,-0.0308408573817131,1,0,0,"no_crisis"
"119",2,"AGO","Angola",1974,0,-0.386998731296171,0,0,0,-0.0308134260725496,0,0,1,"no_crisis"
"120",10,"CAF","Central African Republic",1974,0,1.60648936171604,0,0,0,-0.0308398764938072,1,0,0,"no_crisis"
"121",15,"CIV","Ivory Coast",1974,0,1.60447238900047,0,0,0,-0.0308270278245329,1,0,0,"no_crisis"
"122",19,"EGY","Egypt",1974,0,-0.38348853940217,0,0,0,-0.0308382509563351,1,0,0,"no_crisis"
"123",35,"KEN","Kenya",1974,0,-0.322922699684671,0,0,0,-0.0308297070432117,1,0,0,"no_crisis"
"124",38,"MUS","Mauritius",1974,0,-0.336069100257275,0,0,0,-0.030818779182256,1,0,1,"no_crisis"
"125",40,"MAR","Morocco",1974,0,-0.349727721555021,0,0,0,-0.0308303505775293,1,0,0,"no_crisis"
"126",45,"NGA","Nigeria",1974,0,-0.381470884195095,0,0,0,-0.0308373348585074,1,0,0,"no_crisis"
"127",56,"ZAF","South Africa",1974,0,-0.381008171092156,0,0,0,-0.0308335570018898,1,0,0,"no_crisis"
"128",63,"TUN","Tunisia",1974,0,-0.383186230497839,0,0,0,-0.0308470633314718,1,1,0,"no_crisis"
"129",69,"ZMB","Zambia",1974,0,-0.386992964324129,0,0,0,-0.030842266740814,1,0,0,"no_crisis"
"130",70,"ZWE","Zimbabwe",1974,0,-0.386998731516847,1,1,0,-0.0308442360801726,1,0,0,"no_crisis"
"131",1,"DZA","Algeria",1975,0,-0.349995045155884,0,0,0,-0.0308360924989942,1,0,0,"no_crisis"
"132",2,"AGO","Angola",1975,0,-0.386998731270156,0,0,0,-0.0308110801932326,1,0,1,"no_crisis"
"133",10,"CAF","Central African Republic",1975,0,1.62487905905773,0,0,0,-0.030830278112053,1,0,0,"no_crisis"
"134",15,"CIV","Ivory Coast",1975,0,1.58653120773455,0,0,0,-0.0308382845674467,1,0,0,"no_crisis"
"135",19,"EGY","Egypt",1975,0,-0.38348853940217,0,0,0,-0.0308393477588431,1,0,0,"no_crisis"
"136",35,"KEN","Kenya",1975,0,-0.322922699684671,0,0,0,-0.0308247923737509,1,0,0,"no_crisis"
"137",38,"MUS","Mauritius",1975,0,-0.327889715718141,0,0,0,-0.0308314953558328,1,0,0,"no_crisis"
"138",40,"MAR","Morocco",1975,0,-0.352570501726607,0,0,0,-0.0308436280337677,1,0,0,"no_crisis"
"139",45,"NGA","Nigeria",1975,0,-0.38148481509176,0,0,0,-0.0307970161253708,1,0,1,"no_crisis"
"140",56,"ZAF","South Africa",1975,0,-0.380966009316181,0,0,0,-0.0308373472344443,1,0,0,"no_crisis"
"141",63,"TUN","Tunisia",1975,0,-0.382771789210596,0,0,0,-0.0308391145618139,1,0,0,"no_crisis"
"142",69,"ZMB","Zambia",1975,0,-0.386992964324129,0,0,0,-0.0308389478548769,1,0,0,"no_crisis"
"143",70,"ZWE","Zimbabwe",1975,0,-0.386998731516847,1,1,0,-0.0308391873767654,1,0,0,"no_crisis"
"144",1,"DZA","Algeria",1976,0,-0.347895926947771,0,0,0,-0.0308285826879359,1,0,0,"no_crisis"
"145",2,"AGO","Angola",1976,0,-0.386998731248627,1,0,0,-0.0307345708385316,1,0,1,"no_crisis"
"146",10,"CAF","Central African Republic",1976,1,1.84207933136119,0,0,0,-0.0308384431854417,1,0,0,"crisis"
"147",15,"CIV","Ivory Coast",1976,0,1.8287371548245,0,0,0,-0.0308348939108726,1,0,0,"no_crisis"
"148",19,"EGY","Egypt",1976,0,-0.38348853940217,0,0,0,-0.0308387666695132,1,0,0,"no_crisis"
"149",35,"KEN","Kenya",1976,0,-0.312811946982261,0,0,0,-0.0308398977707398,1,1,0,"no_crisis"
"150",38,"MUS","Mauritius",1976,0,-0.32744298030462,0,0,0,-0.0308380747810833,1,0,0,"no_crisis"
"151",40,"MAR","Morocco",1976,0,-0.349285471436816,0,0,0,-0.0308377583318602,1,0,0,"no_crisis"
"152",45,"NGA","Nigeria",1976,0,-0.38133762421433,0,0,0,-0.0308268617051257,1,0,0,"no_crisis"
"153",56,"ZAF","South Africa",1976,0,-0.37921853826088,0,0,0,-0.0308372486123415,1,0,0,"no_crisis"
"154",63,"TUN","Tunisia",1976,0,-0.381986862530212,0,0,0,-0.030849124092746,1,0,0,"no_crisis"
"155",69,"ZMB","Zambia",1976,0,-0.386991614250239,0,0,0,-0.0308259176491166,1,0,0,"no_crisis"
"156",70,"ZWE","Zimbabwe",1976,0,-0.386998731516847,1,1,0,-0.0308376571140658,1,0,0,"no_crisis"
"157",1,"DZA","Algeria",1977,0,-0.35080239831285,0,0,0,-0.0308370522868642,1,0,0,"no_crisis"
"158",2,"AGO","Angola",1977,0,-0.386998731248627,0,0,0,-0.0307518715327986,1,0,1,"no_crisis"
"159",10,"CAF","Central African Republic",1977,1,1.72333122128386,0,0,0,-0.0308375096820604,1,0,0,"crisis"
"160",15,"CIV","Ivory Coast",1977,0,1.73006065786193,0,0,0,-0.0308177663174521,1,0,1,"no_crisis"
"161",19,"EGY","Egypt",1977,0,-0.38348853940217,0,0,0,-0.0308368092190045,1,0,0,"no_crisis"
"162",35,"KEN","Kenya",1977,0,-0.315708550697644,0,0,0,-0.0308273434861752,1,0,0,"no_crisis"
"163",38,"MUS","Mauritius",1977,0,-0.330032789820356,0,0,0,-0.0308395027487894,1,0,0,"no_crisis"
"164",40,"MAR","Morocco",1977,0,-0.348245779982456,0,0,0,-0.0308379938326452,1,0,0,"no_crisis"
"165",45,"NGA","Nigeria",1977,0,-0.381155459865641,0,0,0,-0.0308209145265793,1,0,1,"no_crisis"
"166",56,"ZAF","South Africa",1977,0,-0.379211361788374,0,0,0,-0.0308388869159269,1,0,0,"crisis"
"167",63,"TUN","Tunisia",1977,0,-0.383163804021256,0,0,0,-0.0308418700649201,1,0,0,"no_crisis"
"168",69,"ZMB","Zambia",1977,0,-0.386991923735616,0,0,0,-0.0308246549695166,1,1,0,"no_crisis"
"169",70,"ZWE","Zimbabwe",1977,0,-0.386998731516847,1,1,0,-0.030838819239201,1,1,0,"no_crisis"
"170",1,"DZA","Algeria",1978,0,-0.352601001734759,0,0,0,-0.0308396892764877,1,0,0,"no_crisis"
"171",2,"AGO","Angola",1978,0,-0.386998731248627,0,0,0,-0.0307822806611436,1,0,1,"no_crisis"
"172",10,"CAF","Central African Republic",1978,1,1.48785338402163,0,0,0,-0.0308369915172281,1,0,0,"crisis"
"173",15,"CIV","Ivory Coast",1978,0,1.79734008760913,0,0,0,-0.030830272398699,1,0,0,"no_crisis"
"174",19,"EGY","Egypt",1978,0,-0.38348853940217,0,0,0,-0.0308373179359,1,0,0,"no_crisis"
"175",35,"KEN","Kenya",1978,0,-0.322780067293607,0,0,0,-0.0308312720927928,1,0,0,"no_crisis"
"176",38,"MUS","Mauritius",1978,0,-0.333883864379086,0,0,0,-0.0308405850574755,1,0,0,"no_crisis"
"177",40,"MAR","Morocco",1978,0,-0.352134979551376,0,0,0,-0.0308396129701639,1,0,0,"no_crisis"
"178",45,"NGA","Nigeria",1978,0,-0.38118499811883,0,0,0,-0.0308306429683239,1,0,0,"no_crisis"
"179",56,"ZAF","South Africa",1978,0,-0.379208670611184,0,0,0,-0.0308358919849938,1,0,0,"crisis"
"180",63,"TUN","Tunisia",1978,0,-0.382872259825685,0,0,0,-0.0308471452884438,1,1,0,"no_crisis"
"181",69,"ZMB","Zambia",1978,0,-0.386991678838492,0,0,0,-0.0308300425499119,1,0,0,"no_crisis"
"182",70,"ZWE","Zimbabwe",1978,0,-0.386998731516847,1,1,0,-0.0308418182081203,1,0,0,"no_crisis"
"183",1,"DZA","Algeria",1979,0,-0.353309678394763,0,0,0,-0.0308323770303724,1,0,0,"no_crisis"
"184",2,"AGO","Angola",1979,0,-0.386998731248627,0,0,0,-0.0307040830822848,1,0,1,"no_crisis"
"185",10,"CAF","Central African Republic",1979,1,1.41608871009031,0,0,0,-0.0308403670146928,1,0,0,"crisis"
"186",15,"CIV","Ivory Coast",1979,0,1.45197234824014,0,0,0,-0.0308217958898987,1,0,1,"no_crisis"
"187",19,"EGY","Egypt",1979,0,-0.380719318073775,0,0,0,-0.0308393425394323,1,1,0,"no_crisis"
"188",35,"KEN","Kenya",1979,0,-0.321265831594763,0,0,0,-0.0308420396463416,1,0,0,"no_crisis"
"189",38,"MUS","Mauritius",1979,0,-0.318952316270522,0,0,0,-0.0308196402532661,1,1,1,"no_crisis"
"190",40,"MAR","Morocco",1979,0,-0.353459487258333,0,0,0,-0.0308411944685445,1,0,0,"no_crisis"
"191",45,"NGA","Nigeria",1979,0,-0.38187999221503,0,0,0,-0.0308390977200527,1,0,0,"no_crisis"
"192",56,"ZAF","South Africa",1979,0,-0.379603376599034,0,0,0,-0.0308334376702533,1,0,0,"no_crisis"
"193",63,"TUN","Tunisia",1979,0,-0.383365642310498,0,1,0.06,-0.0308413339821989,1,0,0,"no_crisis"
"194",69,"ZMB","Zambia",1979,0,-0.38699175688263,0,0,0,-0.0308397943031418,1,0,0,"no_crisis"
"195",70,"ZWE","Zimbabwe",1979,0,-0.386998731516847,1,1,0,-0.0308354208320758,1,0,0,"no_crisis"
"196",1,"DZA","Algeria",1980,0,-0.351372030818043,0,0,0,-0.0308396900054961,1,0,0,"no_crisis"
"197",2,"AGO","Angola",1980,0,-0.386998731248627,0,0,0,-0.0307848756631729,1,0,1,"no_crisis"
"198",10,"CAF","Central African Republic",1980,1,1.63855919990534,0,0,0,-0.0308343150571912,1,0,0,"crisis"
"199",15,"CIV","Ivory Coast",1980,0,1.59550179836751,0,0,0,-0.0308409597482399,1,0,0,"no_crisis"
"200",19,"EGY","Egypt",1980,1,-0.380719318082745,0,0,0,-0.030823659873327,1,0,1,"no_crisis"
"201",35,"KEN","Kenya",1980,0,-0.319104816320253,0,0,0,-0.0308334774413486,1,0,0,"no_crisis"
"202",38,"MUS","Mauritius",1980,0,-0.316715050966662,0,0,0,-0.0308051020947634,1,0,1,"no_crisis"
"203",40,"MAR","Morocco",1980,0,-0.34811884613397,0,0,0,-0.0308400747760245,1,0,0,"no_crisis"
"204",45,"NGA","Nigeria",1980,0,-0.382114651024809,0,0,0,-0.0308392430797285,1,0,0,"no_crisis"
"205",56,"ZAF","South Africa",1980,0,-0.380312244754236,0,0,0,-0.0308329298832889,1,0,0,"no_crisis"
"206",63,"TUN","Tunisia",1980,0,-0.383242745227797,0,1,0.06,-0.0308391824043759,1,0,0,"no_crisis"
"207",69,"ZMB","Zambia",1980,0,-0.38699152723551,0,0,0,-0.030836639959115,1,0,0,"no_crisis"
"208",70,"ZWE","Zimbabwe",1980,0,-0.386998731516847,1,1,0,-0.0308433423657429,1,0,0,"no_crisis"
"209",1,"DZA","Algeria",1992,1,-0.182636118071112,0,1,0.23,-0.0308070851428714,1,0,1,"crisis"
"210",2,"AGO","Angola",1992,0,-0.386998726583022,1,1,0,-0.0304113678929054,1,1,1,"crisis"
"211",10,"CAF","Central African Republic",1992,1,2.08282738703206,0,1,0,-0.0308551178237996,1,0,0,"crisis"
"212",15,"CIV","Ivory Coast",1992,0,2.10682546444628,0,1,0,-0.0308477553877267,1,0,0,"no_crisis"
"213",19,"EGY","Egypt",1992,0,-0.357049427923738,0,0,0,-0.0308227097860991,1,0,1,"crisis"
"214",35,"KEN","Kenya",1992,1,-0.0621171299763454,0,0,0,-0.0308135492877491,1,1,1,"crisis"
"215",38,"MUS","Mauritius",1992,0,-0.234516631937778,0,0,0,-0.0308497695134544,1,0,0,"no_crisis"
"216",40,"MAR","Morocco",1992,0,-0.305826548056374,0,0,0,-0.0308455030002487,1,0,0,"no_crisis"
"217",45,"NGA","Nigeria",1992,1,-0.210759229908468,0,1,0,-0.0307880464011473,1,1,0,"crisis"
"218",56,"ZAF","South Africa",1992,0,-0.359611518314418,0,0,0,-0.0308337630594716,1,0,0,"no_crisis"
"219",63,"TUN","Tunisia",1992,1,-0.378470839531623,0,0,0,-0.0308458315350845,1,0,0,"crisis"
"220",69,"ZMB","Zambia",1992,0,-0.38417335429109,0,1,0,-0.0306087433348979,1,1,1,"no_crisis"
"221",70,"ZWE","Zimbabwe",1992,0,-0.386998731516847,0,0,0,-0.0307924342650581,1,0,1,"no_crisis"
"222",1,"DZA","Algeria",1993,0,-0.170601173677931,0,1,0.23,-0.030823659873327,1,0,1,"no_crisis"
"223",2,"AGO","Angola",1993,0,-0.386998673208008,1,1,0,-0.0288125294362248,1,1,1,"crisis"
"224",10,"CAF","Central African Republic",1993,1,2.25730525194606,0,1,0,-0.0308583025398657,1,0,0,"crisis"
"225",15,"CIV","Ivory Coast",1993,0,2.27726668647254,0,1,0,-0.0308508453910473,1,0,0,"no_crisis"
"226",19,"EGY","Egypt",1993,0,-0.35675169402063,0,0,0,-0.030837656641242,1,0,0,"crisis"
"227",35,"KEN","Kenya",1993,1,0.22446453485673,0,0,0,-0.0307859538414273,1,1,1,"crisis"
"228",38,"MUS","Mauritius",1993,0,-0.219645186786455,0,0,0,-0.0308313730425354,1,0,0,"no_crisis"
"229",40,"MAR","Morocco",1993,0,-0.300421767200015,0,0,0,-0.0308463272971116,1,0,0,"no_crisis"
"230",45,"NGA","Nigeria",1993,1,-0.190705719894138,0,1,0,-0.0307694323868911,1,0,1,"crisis"
"231",56,"ZAF","South Africa",1993,0,-0.356521149841363,0,1,0.36,-0.0308393851488467,1,0,0,"no_crisis"
"232",63,"TUN","Tunisia",1993,1,-0.37761011136039,0,0,0,-0.03084801880755,1,0,0,"crisis"
"233",69,"ZMB","Zambia",1993,0,-0.381966230171756,0,1,0,-0.0305827890828685,1,1,1,"no_crisis"
"234",70,"ZWE","Zimbabwe",1993,0,-0.386998731516847,0,0,0,-0.0308122647461388,1,1,1,"no_crisis"
"235",1,"DZA","Algeria",1994,0,-0.00222767279257177,0,1,0.23,-0.0308110808368205,1,1,1,"no_crisis"
"236",2,"AGO","Angola",1994,0,-0.38699416313592,1,1,0,-0.0294484441282245,1,1,1,"crisis"
"237",10,"CAF","Central African Republic",1994,1,4.40867562818667,0,1,0,-0.0308176663324033,1,1,1,"crisis"
"238",15,"CIV","Ivory Coast",1994,0,4.45712021028204,0,1,0,-0.0308155856117765,1,1,1,"no_crisis"
"239",19,"EGY","Egypt",1994,0,-0.356579458680477,0,0,0,-0.0308406104949911,1,0,0,"crisis"
"240",35,"KEN","Kenya",1994,1,0.0152326848154234,0,1,0,-0.030811356095737,1,0,1,"crisis"
"241",38,"MUS","Mauritius",1994,0,-0.22676065927652,0,0,0,-0.0308431425810455,1,0,0,"no_crisis"
"242",40,"MAR","Morocco",1994,0,-0.306625827681771,0,0,0,-0.0308463879724641,1,0,0,"no_crisis"
"243",45,"NGA","Nigeria",1994,1,-0.189669417080389,0,1,0,-0.0307690283778362,1,0,1,"crisis"
"244",56,"ZAF","South Africa",1994,0,-0.35521144360895,0,0,0,-0.0308409390298269,1,0,0,"no_crisis"
"245",63,"TUN","Tunisia",1994,1,-0.378107082081456,0,0,0,-0.0308459721243161,1,0,0,"crisis"
"246",69,"ZMB","Zambia",1994,0,-0.380728288664408,0,1,0,-0.0307731750202234,1,1,1,"no_crisis"
"247",70,"ZWE","Zimbabwe",1994,0,-0.386998731516847,0,0,0,-0.0308227518990706,1,1,1,"no_crisis"
"248",1,"DZA","Algeria",1995,0,0.0810418347578878,0,1,0.23,-0.0308098969275023,1,1,1,"no_crisis"
"249",2,"AGO","Angola",1995,0,-0.386947670914964,1,1,0,-0.0268994000527143,1,2,1,"crisis"
"250",10,"CAF","Central African Republic",1995,1,4.00858756942728,0,1,0,-0.0308255837259691,1,0,0,"crisis"
"251",15,"CIV","Ivory Coast",1995,0,4.0534436317988,0,1,0,-0.030833131147873,1,0,0,"no_crisis"
"252",19,"EGY","Egypt",1995,0,-0.35658842927111,0,0,0,-0.030840144330697,1,0,0,"crisis"
"253",35,"KEN","Kenya",1995,1,0.114806240841289,0,1,0,-0.0308516978057565,1,0,0,"crisis"
"254",38,"MUS","Mauritius",1995,0,-0.228541321517163,0,0,0,-0.0308450797526675,1,0,0,"no_crisis"
"255",40,"MAR","Morocco",1995,0,-0.311027696505365,0,0,0,-0.030844934723776,1,0,0,"no_crisis"
"256",45,"NGA","Nigeria",1995,1,-0.190662757941479,0,0,0,-0.0307463668735982,1,0,1,"crisis"
"257",56,"ZAF","South Africa",1995,0,-0.354278502183122,0,0,0,-0.0308411092167914,1,0,0,"no_crisis"
"258",63,"TUN","Tunisia",1995,1,-0.378469493943028,0,0,0,-0.030844774896018,1,0,0,"crisis"
"259",69,"ZMB","Zambia",1995,1,-0.378225493877812,0,0,0,-0.0308023421061652,1,1,1,"crisis"
"260",70,"ZWE","Zimbabwe",1995,1,-0.386998731516847,0,0,0,-0.0308158035405502,1,0,1,"crisis"
"261",1,"DZA","Algeria",1996,0,0.117021976727631,0,1,0.23,-0.030826323669293,1,0,0,"no_crisis"
"262",2,"AGO","Angola",1996,0,-0.385186726032533,1,1,0,-0.0247183727088963,1,1,1,"crisis"
"263",10,"CAF","Central African Republic",1996,1,4.31089626025801,0,1,0,-0.0308484879316174,1,0,0,"crisis"
"264",15,"CIV","Ivory Coast",1996,0,4.3288407642307,0,1,0,-0.0308500018556581,1,0,0,"no_crisis"
"265",19,"EGY","Egypt",1996,0,-0.356606370452376,0,0,0,-0.0308434977538409,1,0,0,"no_crisis"
"266",35,"KEN","Kenya",1996,1,0.106573032758358,0,1,0,-0.0308408827941342,1,0,0,"no_crisis"
"267",38,"MUS","Mauritius",1996,0,-0.22578376195659,0,0,0,-0.0308442998524041,1,0,0,"crisis"
"268",40,"MAR","Morocco",1996,0,-0.308062019242108,0,0,0,-0.0308495771281902,1,0,0,"no_crisis"
"269",45,"NGA","Nigeria",1996,0,-0.190667487864802,0,0,0,-0.0308106487099194,1,0,1,"no_crisis"
"270",56,"ZAF","South Africa",1996,0,-0.344993940878008,0,0,0,-0.0308431647793452,1,1,0,"no_crisis"
"271",63,"TUN","Tunisia",1996,0,-0.378041596769836,0,0,0,-0.0308484731327509,1,0,0,"no_crisis"
"272",69,"ZMB","Zambia",1996,1,-0.375453581372227,0,0,0,-0.0307902218345196,1,1,1,"crisis"
"273",70,"ZWE","Zimbabwe",1996,1,-0.386998731516847,0,0,0,-0.0308297269881768,1,1,0,"crisis"
"274",1,"DZA","Algeria",1997,0,0.137008452657868,0,0,0,-0.0308455621957146,1,0,0,"no_crisis"
"275",2,"AGO","Angola",1997,0,-0.384645063828934,1,1,0,-0.0305262144962092,1,1,1,"crisis"
"276",10,"CAF","Central African Republic",1997,1,4.98467684546428,0,1,0,-0.0308516341706306,1,0,0,"crisis"
"277",15,"CIV","Ivory Coast",1997,0,5.13888509838707,0,1,0,-0.0308446727838393,1,0,0,"no_crisis"
"278",19,"EGY","Egypt",1997,0,-0.356606370452376,0,0,0,-0.0308448710886501,1,0,0,"no_crisis"
"279",35,"KEN","Kenya",1997,1,0.17525815405775,0,1,0,-0.0308363513812186,1,0,0,"no_crisis"
"280",38,"MUS","Mauritius",1997,0,-0.187268531073973,0,0,0,-0.030843888443916,1,1,0,"no_crisis"
"281",40,"MAR","Morocco",1997,0,-0.299857517049202,0,0,0,-0.0308524569876068,1,0,0,"no_crisis"
"282",45,"NGA","Nigeria",1997,0,-0.190668384923865,0,0,0,-0.0308382027194151,1,0,1,"crisis"
"283",56,"ZAF","South Africa",1997,0,-0.34333438161091,0,0,0,-0.0308412364870431,1,0,0,"no_crisis"
"284",63,"TUN","Tunisia",1997,0,-0.376704978765525,0,0,0,-0.0308486714375617,1,0,0,"no_crisis"
"285",69,"ZMB","Zambia",1997,1,-0.374081081005384,0,0,0,-0.030817873516534,1,0,1,"crisis"
"286",70,"ZWE","Zimbabwe",1997,1,-0.386998731516847,0,0,0,-0.0308243035671911,1,1,1,"crisis"
"287",1,"DZA","Algeria",1998,0,0.154404222013305,0,0,0,-0.0308466721107005,1,0,0,"no_crisis"
"288",2,"AGO","Angola",1998,0,-0.38075071514099,1,1,0,-0.030695014806919,1,1,1,"crisis"
"289",10,"CAF","Central African Republic",1998,1,4.65635346063621,0,1,0,-0.0308567664175253,1,0,0,"crisis"
"290",15,"CIV","Ivory Coast",1998,0,4.78006147306863,0,1,0,-0.0308462740211922,1,0,0,"no_crisis"
"291",19,"EGY","Egypt",1998,0,-0.356606370452376,0,0,0,-0.0308465374410156,1,0,0,"no_crisis"
"292",35,"KEN","Kenya",1998,1,0.168331063970977,0,1,0,-0.0308440586308805,1,0,0,"no_crisis"
"293",38,"MUS","Mauritius",1998,0,-0.164676098564861,0,0,0,-0.0308439224813089,1,0,0,"no_crisis"
"294",40,"MAR","Morocco",1998,0,-0.303975018149731,0,0,0,-0.0308499352607589,1,0,0,"no_crisis"
"295",45,"NGA","Nigeria",1998,0,-0.190668384923865,0,0,0,-0.0308423626807821,1,0,0,"no_crisis"
"296",56,"ZAF","South Africa",1998,0,-0.334431070407696,0,0,0,-0.0308438277685634,1,1,0,"no_crisis"
"297",63,"TUN","Tunisia",1998,0,-0.377122111229957,0,0,0,-0.0308494069412257,1,0,0,"no_crisis"
"298",69,"ZMB","Zambia",1998,1,-0.365245049231917,0,0,0,-0.0308178054417482,1,1,1,"crisis"
"299",70,"ZWE","Zimbabwe",1998,1,-0.386998731516847,0,0,0,-0.0307850181461414,1,1,1,"crisis"
"300",1,"DZA","Algeria",1999,0,0.234791478793395,0,0,0,-0.0308501498443229,1,0,0,"no_crisis"
"301",2,"AGO","Angola",1999,0,-0.336943553432176,1,1,0,-0.0304866186490602,1,2,1,"no_crisis"
"302",10,"CAF","Central African Republic",1999,1,5.47037905056257,0,1,0,-0.0308560915892139,1,0,0,"crisis"
"303",15,"CIV","Ivory Coast",1999,0,-0.386998731516847,0,0,0,-0.0308526360538912,1,0,0,"no_crisis"
"304",19,"EGY","Egypt",1999,0,-0.356453870411615,0,0,0,-0.0308484553741111,1,0,0,"no_crisis"
"305",35,"KEN","Kenya",1999,1,0.267231825699371,0,0,0,-0.0308454837617223,1,1,0,"no_crisis"
"306",38,"MUS","Mauritius",1999,0,-0.158535729276599,0,0,0,-0.0308438277685634,1,0,0,"no_crisis"
"307",40,"MAR","Morocco",1999,0,-0.296512383802171,0,0,0,-0.0308529764278202,1,0,0,"no_crisis"
"308",45,"NGA","Nigeria",1999,0,0.491670620981673,0,0,0,-0.0308442036597719,1,1,0,"no_crisis"
"309",56,"ZAF","South Africa",1999,0,-0.331789231466289,0,0,0,-0.0308462858602854,1,0,0,"no_crisis"
"310",63,"TUN","Tunisia",1999,0,-0.375763066749064,0,0,0,-0.030849901223366,1,0,0,"no_crisis"
"311",69,"ZMB","Zambia",1999,0,-0.362239901369875,0,0,0,-0.0308143513863122,1,0,1,"no_crisis"
"312",70,"ZWE","Zimbabwe",1999,1,-0.386998731516847,0,0,0,-0.0307697576610038,1,0,1,"crisis"
"313",1,"DZA","Algeria",2000,0,0.288870684424199,0,0,0,-0.0308535535836128,1,0,0,"no_crisis"
"314",2,"AGO","Angola",2000,0,-0.236132773546212,1,1,0,-0.0303729914723543,1,1,1,"no_crisis"
"315",10,"CAF","Central African Republic",2000,0,5.93682901719158,0,1,0,-0.0308492589525609,1,0,0,"no_crisis"
"316",15,"CIV","Ivory Coast",2000,0,-0.386998731516847,0,1,0,-0.03085456138642,1,0,0,"no_crisis"
"317",19,"EGY","Egypt",2000,0,-0.353897252081222,0,0,0,-0.0308497813525476,1,0,0,"no_crisis"
"318",35,"KEN","Kenya",2000,0,0.313031176175953,0,1,0,-0.0308392652780282,1,0,0,"no_crisis"
"319",38,"MUS","Mauritius",2000,0,-0.136883414665821,0,0,0,-0.0308477376290869,1,0,0,"no_crisis"
"320",40,"MAR","Morocco",2000,0,-0.291740029585435,0,0,0,-0.0308511517275834,1,0,0,"no_crisis"
"321",45,"NGA","Nigeria",2000,0,0.59572947232402,0,0,0,-0.0308437300960446,1,0,0,"no_crisis"
"322",56,"ZAF","South Africa",2000,0,-0.319104816311283,0,0,0,-0.0308460446387618,1,1,0,"no_crisis"
"323",63,"TUN","Tunisia",2000,0,-0.374571772313007,0,0,0,-0.0308498982635927,1,0,0,"no_crisis"
"324",69,"ZMB","Zambia",2000,0,-0.347079603200171,0,0,0,-0.0308153725080992,1,1,1,"no_crisis"
"325",70,"ZWE","Zimbabwe",2000,1,-0.386998731516847,1,1,0,-0.0307723023367499,1,1,1,"crisis"
"326",1,"DZA","Algeria",2001,0,0.311089043303917,0,0,0,-0.0308477820256864,1,0,0,"no_crisis"
"327",2,"AGO","Angola",2001,0,-0.100394101971752,1,1,0,-0.0306281875655636,1,1,1,"no_crisis"
"328",10,"CAF","Central African Republic",2001,0,6.28986694436067,0,1,0,-0.0308483103452196,1,0,0,"no_crisis"
"329",15,"CIV","Ivory Coast",2001,0,-0.386998731516847,0,1,0,-0.030847552643256,1,0,0,"no_crisis"
"330",19,"EGY","Egypt",2001,0,-0.346720779574853,0,0,0,-0.0308503999451664,1,1,0,"no_crisis"
"331",35,"KEN","Kenya",2001,0,0.31808969223388,0,0,0,-0.0308453786897703,1,0,0,"no_crisis"
"332",38,"MUS","Mauritius",2001,0,-0.114344805700507,0,0,0,-0.0308460194806888,1,0,0,"no_crisis"
"333",40,"MAR","Morocco",2001,0,-0.283298703799819,0,0,0,-0.0308530903790921,1,0,0,"no_crisis"
"334",45,"NGA","Nigeria",2001,0,0.626229480476087,0,0,0,-0.0308260735684496,1,0,0,"no_crisis"
"335",56,"ZAF","South Africa",2001,0,-0.278216864206247,0,0,0,-0.0308455621957146,1,1,0,"no_crisis"
"336",63,"TUN","Tunisia",2001,0,-0.373827213290471,0,0,0,-0.030851057014838,1,0,0,"no_crisis"
"337",69,"ZMB","Zambia",2001,0,-0.353493575502738,0,0,0,-0.0308223916104698,1,0,1,"no_crisis"
"338",70,"ZWE","Zimbabwe",2001,1,-0.386998731516847,1,1,0,-0.030688075009898,1,0,1,"crisis"
"339",1,"DZA","Algeria",2002,0,0.328167253750948,0,0,0,-0.0308518813117008,1,0,0,"no_crisis"
"340",2,"AGO","Angola",2002,0,0.139273257674971,1,1,0,-0.0306928482528666,1,1,1,"no_crisis"
"341",10,"CAF","Central African Republic",2002,0,5.22406422221264,0,1,0,-0.0308505967700905,1,0,0,"no_crisis"
"342",15,"CIV","Ivory Coast",2002,0,-0.386998731516847,0,1,0,-0.0308494394987319,1,0,0,"no_crisis"
"343",19,"EGY","Egypt",2002,0,-0.346631073668523,0,0,0,-0.0308492471134677,1,0,0,"no_crisis"
"344",35,"KEN","Kenya",2002,0,0.304384423864842,0,0,0,-0.0308508069139945,1,0,0,"no_crisis"
"345",38,"MUS","Mauritius",2002,0,-0.125086190924414,0,0,0,-0.0308445055566481,1,0,0,"no_crisis"
"346",40,"MAR","Morocco",2002,0,-0.295794736551534,0,0,0,-0.0308498849446129,1,0,0,"no_crisis"
"347",45,"NGA","Nigeria",2002,0,0.746883924489411,0,0,0,-0.0308349321699234,1,0,0,"no_crisis"
"348",56,"ZAF","South Africa",2002,0,-0.309492828448065,0,0,0,-0.0308404166298402,1,0,0,"no_crisis"
"349",63,"TUN","Tunisia",2002,0,-0.375031066553414,0,0,0,-0.0308499929763382,1,0,0,"no_crisis"
"350",69,"ZMB","Zambia",2002,0,-0.346631073668523,0,0,0,-0.0308210863504464,1,0,1,"no_crisis"
"351",70,"ZWE","Zimbabwe",2002,1,-0.386998731516847,1,1,0,-0.0305596057617192,1,0,1,"crisis"
"352",1,"DZA","Algeria",2003,0,0.264380971996216,0,0,0,-0.0308476947123741,1,0,0,"no_crisis"
"353",2,"AGO","Angola",2003,0,0.322408941917744,0,1,0,-0.0307084625368877,1,1,1,"no_crisis"
"354",10,"CAF","Central African Republic",2003,0,4.27200500553959,0,1,0,-0.0308475556030293,1,0,0,"no_crisis"
"355",15,"CIV","Ivory Coast",2003,0,-0.386998731516847,0,1,0,-0.0308491183633293,1,0,0,"no_crisis"
"356",19,"EGY","Egypt",2003,0,-0.331800893234112,0,0,0,-0.0308539975496072,1,1,0,"no_crisis"
"357",35,"KEN","Kenya",2003,0,0.2960121716271,0,0,0,-0.0308451433877933,1,0,0,"no_crisis"
"358",38,"MUS","Mauritius",2003,0,-0.152976654261353,0,0,0,-0.0308481801151946,1,0,0,"no_crisis"
"359",40,"MAR","Morocco",2003,0,-0.308506960537503,0,0,0,-0.0308522764414358,1,0,0,"no_crisis"
"360",45,"NGA","Nigeria",2003,0,0.837486889882316,0,0,0,-0.0308332303002784,1,0,0,"no_crisis"
"361",56,"ZAF","South Africa",2003,0,-0.327434009713987,0,0,0,-0.03084540532773,1,0,0,"no_crisis"
"362",63,"TUN","Tunisia",2003,0,-0.376159566855041,0,0,0,-0.0308499663383785,1,0,0,"no_crisis"
"363",69,"ZMB","Zambia",2003,0,-0.347528132731819,0,0,0,-0.0308223279753439,1,0,1,"no_crisis"
"364",70,"ZWE","Zimbabwe",2003,1,-0.386998731516847,1,1,0,-0.0299679231878924,1,1,1,"crisis"
"365",1,"DZA","Algeria",2004,0,0.264389045527786,0,0,0,-0.0308481194398421,1,0,0,"no_crisis"
"366",2,"AGO","Angola",2004,0,0.384362532006162,0,0,0,-0.030789535167115,1,1,1,"no_crisis"
"367",10,"CAF","Central African Republic",2004,0,3.93303777092545,0,1,0,-0.0308573184152449,1,0,0,"no_crisis"
"368",15,"CIV","Ivory Coast",2004,0,-0.386998731516847,0,1,0,-0.030851838394988,1,0,0,"no_crisis"
"369",19,"EGY","Egypt",2004,0,-0.331996452109911,0,0,0,-0.03084200158844,1,0,0,"no_crisis"
"370",35,"KEN","Kenya",2004,0,0.306826218635134,0,0,0,-0.0308415946196118,1,0,0,"no_crisis"
"371",38,"MUS","Mauritius",2004,0,-0.133988605068565,0,0,0,-0.0308470376427025,1,0,0,"no_crisis"
"372",40,"MAR","Morocco",2004,0,-0.313281108872364,0,0,0,-0.030851788078842,1,0,0,"no_crisis"
"373",45,"NGA","Nigeria",2004,0,0.800258938755528,0,1,0,-0.0308317977700033,1,0,0,"no_crisis"
"374",56,"ZAF","South Africa",2004,0,-0.336494306253277,0,0,0,-0.0308519375473934,1,0,0,"no_crisis"
"375",63,"TUN","Tunisia",2004,0,-0.376239405111674,0,0,0,-0.0308486388800555,1,0,0,"no_crisis"
"376",69,"ZMB","Zambia",2004,0,-0.345734014605227,0,0,0,-0.0308274054664326,1,0,0,"no_crisis"
"377",70,"ZWE","Zimbabwe",2004,1,-0.386998731516847,1,1,0,-0.030657547371372,1,1,1,"crisis"
"378",1,"DZA","Algeria",2005,0,0.271262312070761,0,0,0,-0.0308519523462599,1,0,0,"no_crisis"
"379",2,"AGO","Angola",2005,0,0.337641184224324,0,0,0,-0.0308200178722867,1,1,1,"no_crisis"
"380",10,"CAF","Central African Republic",2005,0,4.60098272139549,0,1,0,-0.0308497280766282,1,0,0,"no_crisis"
"381",15,"CIV","Ivory Coast",2005,0,-0.386998731516847,0,1,0,-0.0308482496698671,1,0,0,"no_crisis"
"382",19,"EGY","Egypt",2005,0,-0.335577511890589,0,0,0,-0.0308409360700536,1,0,0,"no_crisis"
"383",35,"KEN","Kenya",2005,0,0.262173309641444,0,0,0,-0.0308424203963613,1,0,0,"no_crisis"
"384",38,"MUS","Mauritius",2005,0,-0.111901216812088,0,0,0,-0.0308467150274133,1,0,0,"no_crisis"
"385",40,"MAR","Morocco",2005,0,-0.304026150516339,0,0,0,-0.0308525428210324,1,0,0,"no_crisis"
"386",45,"NGA","Nigeria",2005,0,0.770207460135109,0,1,0,-0.0308275726936238,1,0,0,"no_crisis"
"387",56,"ZAF","South Africa",2005,0,-0.33025974576337,0,0,0,-0.0308489762942112,1,0,0,"no_crisis"
"388",63,"TUN","Tunisia",2005,0,-0.374768228247868,0,0,0,-0.0308518605932877,1,0,0,"no_crisis"
"389",69,"ZMB","Zambia",2005,0,-0.357036958802758,0,0,0,-0.030826878626786,1,0,0,"no_crisis"
"390",70,"ZWE","Zimbabwe",2005,1,-0.386998731516847,1,1,0,-0.0299870142952576,1,1,1,"crisis"
"391",1,"DZA","Algeria",2006,0,0.251332350861511,0,0,0,-0.0308505716120175,1,0,0,"no_crisis"
"392",2,"AGO","Angola",2006,0,0.333020522695193,0,0,0,-0.030834307657758,1,0,0,"no_crisis"
"393",10,"CAF","Central African Republic",2006,0,4.08097523921629,0,1,0,-0.0308440911883867,1,0,0,"no_crisis"
"394",15,"CIV","Ivory Coast",2006,0,-0.386998731516847,0,1,0,-0.0308503481491337,1,0,0,"no_crisis"
"395",19,"EGY","Egypt",2006,0,-0.335834070782692,0,0,0,-0.0308477790659131,1,0,0,"no_crisis"
"396",35,"KEN","Kenya",2006,0,0.235530655461551,0,0,0,-0.0308450575543677,1,0,0,"no_crisis"
"397",38,"MUS","Mauritius",2006,0,-0.0789773550709954,0,0,0,-0.0308407821618422,1,0,0,"no_crisis"
"398",40,"MAR","Morocco",2006,0,-0.31113803477015,0,0,0,-0.0308491361219691,1,0,0,"no_crisis"
"399",45,"NGA","Nigeria",2006,0,0.763658928973048,0,0,0,-0.0308418358411354,1,0,0,"no_crisis"
"400",56,"ZAF","South Africa",2006,0,-0.32447371480511,0,0,0,-0.0308470598410022,1,0,0,"no_crisis"
"401",63,"TUN","Tunisia",2006,0,-0.375362978406834,0,0,0,-0.0308478663792253,1,0,0,"no_crisis"
"402",69,"ZMB","Zambia",2006,0,-0.34737365916112,0,0,0,-0.0308406534117038,1,0,0,"no_crisis"
"403",70,"ZWE","Zimbabwe",2006,1,-0.386998731516847,1,1,0,-0.0289580946312325,1,1,1,"crisis"
"404",1,"DZA","Algeria",2007,0,0.212504943424867,0,0,0,-0.0308485604460631,1,0,0,"no_crisis"
"405",2,"AGO","Angola",2007,0,0.286001889539779,0,0,0,-0.0308358704180581,1,0,0,"no_crisis"
"406",10,"CAF","Central African Republic",2007,0,3.61023088579242,0,1,0,-0.0308526138555915,1,0,0,"no_crisis"
"407",15,"CIV","Ivory Coast",2007,0,-0.386998731516847,0,1,0,-0.0308511916845229,1,0,0,"no_crisis"
"408",19,"EGY","Egypt",2007,0,-0.337626394791157,0,0,0,-0.0308377794718338,1,0,0,"no_crisis"
"409",35,"KEN","Kenya",2007,0,0.175233036403977,0,0,0,-0.0308476858330543,1,0,0,"no_crisis"
"410",38,"MUS","Mauritius",2007,0,-0.133882752099096,0,0,0,-0.0308409345901669,1,0,0,"no_crisis"
"411",40,"MAR","Morocco",2007,0,-0.317806771846693,0,0,0,-0.0308509845003922,1,0,0,"no_crisis"
"412",45,"NGA","Nigeria",2007,0,0.671243904272285,0,0,0,-0.0308459869231826,1,0,0,"no_crisis"
"413",56,"ZAF","South Africa",2007,0,-0.325909009306384,0,0,0,-0.0308435051532742,1,0,0,"no_crisis"
"414",63,"TUN","Tunisia",2007,0,-0.376048331531192,0,0,0,-0.030848909699312,1,0,0,"no_crisis"
"415",69,"ZMB","Zambia",2007,0,-0.352641369392607,0,0,0,-0.0308382293573747,1,0,0,"no_crisis"
"416",70,"ZWE","Zimbabwe",2007,1,-0.386998731516847,1,1,0,0.0672327301874258,1,1,1,"crisis"
"417",1,"DZA","Algeria",2008,0,0.251551233272955,0,0,0,-0.030846812699932,1,0,0,"no_crisis"
"418",2,"AGO","Angola",2008,0,0.287311595772191,0,0,0,-0.0308355507625422,1,0,0,"no_crisis"
"419",10,"CAF","Central African Republic",2008,0,3.84115512296992,0,1,0,-0.0308402908394751,1,0,0,"no_crisis"
"420",15,"CIV","Ivory Coast",2008,0,-0.386998731516847,0,1,0,-0.0308446520654262,1,0,0,"no_crisis"
"421",19,"EGY","Egypt",2008,0,-0.337623703613967,0,0,0,-0.030836685835601,1,0,0,"no_crisis"
"422",35,"KEN","Kenya",2008,0,0.310115833883503,0,0,0,-0.0308316497813385,1,1,0,"no_crisis"
"423",38,"MUS","Mauritius",2008,0,-0.102133140671857,0,0,0,-0.0308395967726373,1,0,0,"no_crisis"
"424",40,"MAR","Morocco",2008,0,-0.314353094453003,0,0,0,-0.0308482393106605,1,0,0,"no_crisis"
"425",45,"NGA","Nigeria",2008,0,0.802165189265033,0,0,0,-0.0308368589823388,1,0,0,"no_crisis"
"426",56,"ZAF","South Africa",2008,0,-0.303527385677146,0,0,0,-0.030836925577238,1,1,0,"no_crisis"
"427",63,"TUN","Tunisia",2008,0,-0.375248154846732,0,0,0,-0.0308467268665065,1,0,0,"no_crisis"
"428",69,"ZMB","Zambia",2008,0,-0.343650505224816,0,0,0,-0.0308355744407285,1,1,0,"no_crisis"
"429",70,"ZWE","Zimbabwe",2008,1,-0.386980790335581,1,1,0,32.5114023480679,1,1,1,"crisis"
"430",1,"DZA","Algeria",2009,0,0.265440398749969,0,0,0,-0.0308454985605888,1,0,0,"no_crisis"
"431",2,"AGO","Angola",2009,0,0.414954129888592,0,0,0,-0.0308336920249125,1,1,0,"no_crisis"
"432",10,"CAF","Central African Republic",2009,0,3.69763386568297,0,1,0,-0.0308487853888336,1,0,0,"no_crisis"
"433",15,"CIV","Ivory Coast",2009,0,-0.386998731516847,0,1,0,-0.0308525043439795,1,0,0,"no_crisis"
"434",19,"EGY","Egypt",2009,0,-0.337881159565133,0,0,0,-0.0308299641904467,1,0,0,"no_crisis"
"435",35,"KEN","Kenya",2009,0,0.293151450274248,0,0,0,-0.0308383817856994,1,0,0,"no_crisis"
"436",38,"MUS","Mauritius",2009,0,-0.115275055949145,0,0,0,-0.0308502741548013,1,0,0,"no_crisis"
"437",40,"MAR","Morocco",2009,0,-0.316488992082711,0,0,0,-0.0308525590997855,1,0,0,"no_crisis"
"438",45,"NGA","Nigeria",2009,1,0.954831185952078,0,0,0,-0.0308354353313836,1,0,0,"crisis"
"439",56,"ZAF","South Africa",2009,0,-0.320795772645596,0,0,0,-0.0308434459578083,1,0,0,"no_crisis"
"440",63,"TUN","Tunisia",2009,0,-0.375181772476048,0,0,0,-0.0308487735497404,1,0,0,"no_crisis"
"441",69,"ZMB","Zambia",2009,0,-0.345455926295605,0,0,0,-0.0308341789076196,1,0,0,"no_crisis"
"442",70,"ZWE","Zimbabwe",2009,1,2.79576682505768,1,1,0,-0.0308653482801959,1,1,0,"crisis"
"443",1,"DZA","Algeria",2010,0,0.285290521702585,0,0,0,-0.0308482067531543,1,0,0,"no_crisis"
"444",2,"AGO","Angola",2010,0,0.44406369649255,0,0,0,-0.0308325687909468,1,0,0,"no_crisis"
"445",10,"CAF","Central African Republic",2010,0,4.01677444620371,0,1,0,-0.0308517910386153,1,0,0,"no_crisis"
"446",15,"CIV","Ivory Coast",2010,0,-0.386998731516847,0,1,0,-0.0308513337536411,1,0,0,"no_crisis"
"447",19,"EGY","Egypt",2010,0,-0.335035688216358,0,0,0,-0.0308366976746942,1,0,0,"no_crisis"
"448",35,"KEN","Kenya",2010,0,0.337393904869996,0,0,0,-0.0308476207180418,1,0,0,"no_crisis"
"449",38,"MUS","Mauritius",2010,0,-0.114382482181165,0,0,0,-0.0308496629616157,1,0,0,"no_crisis"
"450",40,"MAR","Morocco",2010,0,-0.312032402656256,0,0,0,-0.0308525265422793,1,0,0,"no_crisis"
"451",45,"NGA","Nigeria",2010,1,0.964525703249118,0,0,0,-0.0308336935047992,1,0,0,"crisis"
"452",56,"ZAF","South Africa",2010,0,-0.327509362675304,0,0,0,-0.0308476976721474,1,0,0,"no_crisis"
"453",63,"TUN","Tunisia",2010,0,-0.374099919245713,0,0,0,-0.030847472729377,1,0,0,"no_crisis"
"454",69,"ZMB","Zambia",2010,0,-0.344030499444028,0,0,0,-0.0308414185131008,1,0,0,"no_crisis"
"455",70,"ZWE","Zimbabwe",2010,0,3.00567864586897,1,1,0,-0.0308492367542612,1,0,0,"no_crisis"
"456",1,"DZA","Algeria",2011,0,0.295271200840817,0,0,0,-0.0308473055021858,1,0,0,"no_crisis"
"457",2,"AGO","Angola",2011,0,0.467647379266604,0,0,0,-0.030834042758048,1,0,0,"no_crisis"
"458",10,"CAF","Central African Republic",2011,0,4.16074199037465,0,1,0,-0.0308522290850631,1,0,0,"no_crisis"
"459",15,"CIV","Ivory Coast",2011,0,-0.386998731516847,0,1,0,-0.0308474150137977,1,0,0,"no_crisis"
"460",19,"EGY","Egypt",2011,0,-0.333023584737385,0,0,0,-0.0308375856066829,1,0,0,"no_crisis"
"461",35,"KEN","Kenya",2011,0,0.376112369506934,0,0,0,-0.0308332465790315,1,0,0,"no_crisis"
"462",38,"MUS","Mauritius",2011,0,-0.123891308252104,0,0,0,-0.0308443398093435,1,0,0,"no_crisis"
"463",40,"MAR","Morocco",2011,0,-0.310056181539815,0,0,0,-0.0308526552924176,1,0,0,"no_crisis"
"464",45,"NGA","Nigeria",2011,1,1.03274973618998,0,0,0,-0.0308379540984582,1,0,0,"crisis"
"465",56,"ZAF","South Africa",2011,0,-0.31395210905171,0,0,0,-0.0308465981163681,1,1,0,"no_crisis"
"466",63,"TUN","Tunisia",2011,0,-0.373549124980849,0,0,0,-0.0308487572709873,1,0,0,"no_crisis"
"467",69,"ZMB","Zambia",2011,0,-0.341123310431698,0,0,0,-0.0308411846910104,1,0,0,"no_crisis"
"468",70,"ZWE","Zimbabwe",2011,0,2.8594580185517,1,1,0,-0.0308467165072999,1,0,0,"no_crisis"
"469",1,"DZA","Algeria",2012,0,0.313626823393982,0,0,0,-0.0308408028802553,1,0,0,"no_crisis"
"470",2,"AGO","Angola",2012,0,0.472616056743165,0,0,0,-0.0308387769154344,1,0,0,"no_crisis"
"471",10,"CAF","Central African Republic",2012,0,4.07284795586756,0,1,0,-0.0308453046954379,1,0,0,"no_crisis"
"472",15,"CIV","Ivory Coast",2012,0,-0.386998731516847,0,1,0,-0.030852073696965,1,0,0,"no_crisis"
"473",19,"EGY","Egypt",2012,0,-0.330432878162586,0,0,0,-0.0308411965301036,1,0,0,"no_crisis"
"474",35,"KEN","Kenya",2012,0,0.384479239390297,0,0,0,-0.030840119172624,1,0,0,"no_crisis"
"475",38,"MUS","Mauritius",2012,0,-0.113216305398881,0,0,0,-0.0308467431452596,1,0,0,"no_crisis"
"476",40,"MAR","Morocco",2012,0,-0.311345255413772,0,0,0,-0.0308520929354915,1,0,0,"no_crisis"
"477",45,"NGA","Nigeria",2012,1,1.00586487606299,0,0,0,-0.0308359059353376,1,0,0,"crisis"
"478",56,"ZAF","South Africa",2012,0,-0.310738394957452,0,0,0,-0.0308456302705004,1,0,0,"no_crisis"
"479",63,"TUN","Tunisia",2012,0,-0.373088933681378,0,0,0,-0.0308463924121241,1,0,0,"no_crisis"
"480",69,"ZMB","Zambia",2012,0,-0.340830570456395,0,0,0,-0.0308442672948978,1,0,0,"no_crisis"
"481",70,"ZWE","Zimbabwe",2012,0,2.8594580185517,1,1,0,-0.0308484923712773,1,0,0,"no_crisis"
"482",1,"DZA","Algeria",2013,0,0.314041276342992,0,0,0,-0.0308491805185685,1,0,0,"no_crisis"
"483",2,"AGO","Angola",2013,0,0.488172090634818,0,0,0,-0.0308410011850661,1,0,0,"no_crisis"
"484",10,"CAF","Central African Republic",2013,0,3.87978519983911,0,1,0,-0.0308443013322907,1,0,0,"no_crisis"
"485",15,"CIV","Ivory Coast",2013,0,-0.386998731516847,0,0,0,-0.0308501735225092,1,0,0,"no_crisis"
"486",19,"EGY","Egypt",2013,0,-0.324742832524099,0,0,0,-0.0308437656133242,1,0,0,"no_crisis"
"487",35,"KEN","Kenya",2013,0,0.387252946014008,0,0,0,-0.0308455370376416,1,0,0,"no_crisis"
"488",38,"MUS","Mauritius",2013,0,-0.116758523688295,0,0,0,-0.0308478841378651,1,0,0,"no_crisis"
"489",40,"MAR","Morocco",2013,0,-0.313888417858216,0,0,0,-0.0308512138828226,1,0,0,"no_crisis"
"490",45,"NGA","Nigeria",2013,1,1.00523693471868,0,0,0,-0.030841425912534,1,0,0,"crisis"
"491",56,"ZAF","South Africa",2013,0,-0.292898581365682,0,0,0,-0.030845485241609,1,1,0,"no_crisis"
"492",63,"TUN","Tunisia",2013,0,-0.372169486750922,0,0,0,-0.0308454068076166,1,0,0,"no_crisis"
"493",69,"ZMB","Zambia",2013,0,-0.337481071222903,0,0,0,-0.0308436709005787,1,1,0,"no_crisis"
"494",70,"ZWE","Zimbabwe",2013,0,2.8594580185517,1,1,0,-0.030851582374598,1,0,0,"no_crisis"
